{"words": ["Van", "Ternaten", "onder", "dato", "4\u201ee", "augustij", "a", "=", "o", "1697", ".", "\u2014"], "events": ["O", "O", "O", "O", "O", "O", "O", "O", "O", "O", "O", "O"]}
{"words": ["den", "gouverneur", "Salomon", "le", "hage", ",", "die", "de", "landen", "van", "de", "E", ":", "Compagnie", "op", "de", "Celebes", "Regeert", "."], "events": ["O", "O", "O", "O", "O", "O", "O", "O", "O", "O", "O", "O", "O", "O", "O", "O", "O", "O", "O"]}
{"words": ["welvaart", ".", "\u2014", "Jk", "uw", "E", "=", "o", "dienaar", "groete", "mijn", "heer", "met", "alle", "Eerbied", ",", "met", "versoek", "naedemaal", "ik", "zedert", "den", "29=e", "maart", "1694", ".", "tot", "heden", "de", "schoole", "heb", "waargenomen", ",", "sonder", "Eenige", "belooninge", "daar", "voor", "te", "genieten", ",", "zoo", "keere", "sigh", "tot", "uw", "E", "=", "s", "met", "beede", ",", "dat", "uw", "E", "=", "s", "zijne", "milde", "hand", "aan", "mij", "beliefft", "te", "bethoonen", "op", "dat", "ik", "des", "ijveriger", "omtrent", "het", "waarnemen", "van", "dien", "dienst", "zoude", "wesen", ",", "en", "ook", "om", "dat", "geen", "levens", "middelen", "hebbe", ",", "als", "zijnde", "zeer", "arm", "en", "een", "vreemdelingh", "op", "een", "anders", "land", ",", "waeromme", "den", "Coning", "don", "louis", "Melang", "in", "de", "goetheijt", "heefft", "gehadt", ",", "van", "mij", "derthien", "reijsen", "de", "Cost", "te", "geven", ",", "bij", "aldien", "mijn", "heer", "zijn", "milde", "hand", ",", "aan", "mij", "believe", "te", "bethoonen", ",", "zoo", "soude", "ik", "met", "een", "Jaar", "gagie", ",", "mijn", "schulden", "aan", "dees", "en", "gene", "in", "de", "negorij", "die", "mij", "de", "cost", "hebben", "gegeven", ",", "Connen", "voldoen", ",", "waarmeede", "naar", "groete", "verblijve", ",", "\u2014", "(:", "onderstond", ":)", "uw", "E", "=", "s", "dienaar", ",", "En", "was", "geteekent", ":)", "Michiel", "Tasinbewe", "(:", "ter", "zijden", ":)", "Taroena", "den", "3\u201ee", "Januarij", "1697", ".", "\u2014"], "events": ["O", "O", "O", "O", "O", "O", "O", "O", "O", "O", "O", "O", "O", "O", "O", "O", "O", "O", "O", "O", "O", "O", "O", "O", "O", "O", "O", "O", "O", "O", "O", "O", "O", "O", "O", "O", "O", "O", "O", "O", "O", "O", "O", "O", "O", "O", "O", "O", "O", "O", "O", "O", "O", "O", "O", "O", "O", "O", "O", "O", "O", "O", "O", "O", "O", "O", "O", "O", "O", "O", "O", "O", "O", "O", "O", "O", "O", "O", "O", "O", "O", "O", "O", "O", "O", "O", "O", "O", "O", "O", "O", "O", "O", "O", "O", "O", "O", "O", "O", "O", "O", "O", "O", "O", "O", "O", "O", "O", "O", "O", "O", "O", "O", "O", "O", "O", "O", "O", "O", "O", "O", "O", "O", "O", "O", "O", "O", "O", "O", "O", "O", "O", "O", "O", "O", "O", "O", "O", "O", "O", "O", "O", "O", "O", "O", "O", "O", "O", "O", "O", "O", "O", "O", "O", "O", "O", "O", "O", "O", "O", "O", "O", "O", "O", "O", "O", "O", "O", "O", "O", "O", "O", "O", "O", "O", "O", "O", "O", "O", "O", "O", "O", "O", "O", "O", "O", "O", "O", "O", "O", "O", "O", "O", "O"]}
{"words": ["Translaat", "van", "een", "maleijtse", "Brieff", "door", "Tagulandas", "Coning", "aan", "de", "E", ":", "Heer", "Salomon", "le", "sage", ",", "geschreven", "dato", "9\u201ee", "Januarij", "1697", ".", "ontfangen", "den", "20", "\u201e", "'", "daar", "aan", "volgende", "."], "events": ["O", "O", "O", "O", "O", "O", "O", "O", "O", "O", "O", "O", "O", "O", "O", "O", "O", "O", "O", "O", "O", "O", "O", "O", "O", "O", "O", "O", "O", "O", "O", "O"]}
{"words": ["Desen", "brieff", "vermeld", "een", "opregt", "en", "suijver", "hert", ",", "benevens", "veele", "groete", ",", "met", "alle", "Eerbiedigheijt", "van", "ons", "allen", ",", "Comt", "aan", "den", "hoog", "g'Eerden", "heer", "en", "vrund", ",", "den", "gouverneur", "Salomon", "le", "sage", "die", "de", "bestieringe", "der", "E", ":", "Compagnie", "in", "de", "moluccos", "en", "de", "Colobese", "Eijlanden", "hand-haefff", ".", "en", "verders", "senden", "wij", "van", "hier", "Anthoni", "Fransz", ":", "met", "een", "jonk", ",", "overbrengende", "olie", ",", "aangesien", "wij", "Een", "brieff", "van", "den", "sergeant", "van", "manado", "ontfangen", "hebben", "jnhoudende", "dat", "de", "E", ":", "Compagnie", "versoekt", "spoedigh", "olie", "naar", "Ternaten", "te", "senden", ";", "welcke", "joncq", "al", "over", "lang", "zoude", "gekomen", "zijn", ",", "ten", "waare", "desselffs", "ladingh", "niet", "vaardig", "en", "klaart", "gemaakt", "moest", "werden", ",", "wijders", "maken", "wij", "mijn", "heer", "bekent", "de", "prijs", "van", "de", "olie", ",", "zijnde", "jder", "Coela", "ses", "stuijvers", ",", "gelijck", "voor", "desen", "de", "E", ":", "Compagnie", "betaalt", "heefft", ",", "vermits", "het", "ten", "tijde", "de", "heer", "gouverneur", "Robbertus", "Padtbrugge", ",", "zoodaenig", "veraccordeert", "is", ",", "als", "meede", "dat", "wij", "Tagulanders", "vijff-", "hondert", "Cannen", "zouden", "leveren", ",", "en", "het", "gene", "daar", "overigh", "is", ",", "wij", "buijten", "aan", "andere", "mogen", "verkoopen", ",", "Edogh-", "dese", "jonck", "kan", "duijsent", "kannen", "meer", "verkoopen", ",", "bij", "aldien", "de", "E", ":", "Compagnie", "genegen", "is", "meer", "te", "nemen", ",", "zoo", "kunt", "met", "het", "opperhoofft", "van", "de", "jonck", "daar", "van", "spreken", ",", "wegens", "het", "gene", "in", "het", "vaartuijg", "is", ",", "alwaar't", "tot", "twee", "duijsent", "Coelas", "toe", ",", "en", "zoo", "wanneer", "de", "E", ":", "Compagnie", "alles", "gekogt", "heeft", ",", "ende", "de", "verdere", "ladinge", "die", "zij", "aan", "andere", "buijten", "verkoopen", "ook", "op", "is", ",", "en", "sijlieden", "om", "hun", "depart", "versoeken", ",", "soo", "is", "\u2014", "ons", "versoek", "aan", "mijn", "heer", "hun", "leden", "dog", "vrij", "te", "willen", "laten", "wederkeeren", ".", "voorders", "hebben", "wij", "niet", "meer", "te", "schrijven", ",", "dan", "Eenelijk", "mijne", "en", "alle", "der"], "events": ["O", "O", "O", "O", "O", "O", "O", "O", "O", "O", "O", "O", "O", "O", "O", "O", "O", "O", "O", "O", "O", "O", "O", "O", "O", "O", "O", "O", "O", "O", "O", "O", "O", "O", "O", "O", "O", "O", "O", "O", "O", "O", "O", "O", "O", "O", "O", "O", "O", "O", "O", "O", "O", "O", "O", "O", "O", "O", "O", "O", "O", "O", "O", "O", "O", "O", "O", "O", "O", "O", "O", "O", "O", "O", "O", "O", "O", "O", "O", "O", "O", "O", "O", "O", "O", "O", "O", "O", "O", "O", "O", "O", "O", "O", "O", "O", "O", "O", "O", "O", "O", "O", "O", "O", "O", "O", "O", "O", "O", "O", "O", "O", "O", "O", "O", "O", "O", "O", "O", "O", "O", "O", "O", "O", "O", "O", "O", "O", "O", "O", "O", "O", "O", "O", "O", "O", "O", "O", "O", "O", "O", "O", "O", "O", "O", "O", "O", "O", "O", "O", "O", "O", "O", "O", "O", "O", "O", "O", "O", "O", "O", "O", "O", "O", "O", "O", "O", "O", "O", "O", "O", "O", "O", "O", "O", "O", "O", "O", "O", "O", "O", "O", "O", "O", "O", "O", "O", "O", "O", "O", "O", "O", "O", "O", "O", "O", "O", "O", "O", "O", "O", "O", "O", "O", "O", "O", "O", "O", "O", "O", "O", "O", "O", "O", "O", "O", "O", "O", "O", "O", "O", "O", "O", "O", "O", "O", "O", "O", "O", "O", "O", "O", "O", "O", "O", "O", "O", "O", "O", "O", "O", "O", "O", "O", "O", "O", "O", "O", "O", "O", "O", "O", "O", "O", "O", "O", "O", "O", "O", "O", "O", "O", "O", "O", "O", "O", "O", "O", "O", "O", "O", "O", "O", "O", "O", "O", "O", "O", "O", "O", "O", "O", "O", "O", "O", "O", "O", "O", "O", "O"]}
{"words": ["Rijx-grooten", "hunne", "onderdaenige", "groete", "aan", "mijn", "heer", "en", "den", "gantschen", "raad", ",", "mitsgaders", "veele", "welvaart", "in", "dit", "nieuwe", "Jaar", "(:", "onderstond", ":)", "Mijn", "Heer", "sijn", "genegen", "vrund", "(:", "en", "was", "geteekent:/", "te", "te", "philip", "Anthonisz", ":", "(", ":", "ter", "zijden", ":)", "Tagulanda", "den", "9\u201ee", "januarij", "a", "=", "o", "1697", ".", "(:", "nog", "lager", ":)", "P", ":", "S", ":", "ik", "versoeke", "aan", "mijn", "heer", "en", "vrundmij", "met", "wat", "wit", "papier", "believe", "te", "begunstigen", ",", "en", "mij", "toe", "senden", ",", "want", "wij", "daar", "van", "gebreck", "hebben", "."], "events": ["O", "O", "O", "O", "O", "O", "O", "O", "O", "O", "O", "O", "O", "O", "O", "O", "O", "O", "O", "O", "O", "O", "O", "O", "O", "O", "O", "O", "O", "O", "O", "O", "O", "O", "O", "O", "O", "O", "O", "O", "O", "O", "O", "O", "O", "O", "O", "O", "O", "O", "O", "O", "O", "O", "O", "O", "O", "O", "O", "O", "O", "O", "O", "O", "O", "O", "O", "O", "O", "O", "O", "O", "O", "O", "O", "O", "O", "O", "O", "O", "O", "O", "O", "O", "O"]}
{"words": ["Translaat", "van", "een", "Maleijtse", "Brieff", "door", "Tagulandas", "Coning", ",", "Aan", "als", "voorn", "geschreven", ",", "dato", "9=e", "Januarij", "1697", ".", "ontfangen", "den", "20\u201ee", "daar", "aan", "volgende", ".", "\u2014"], "events": ["O", "O", "O", "O", "O", "O", "O", "O", "O", "O", "O", "O", "O", "O", "O", "O", "O", "O", "O", "O", "O", "O", "O", "O", "O", "O", "O"]}
{"words": ["Desen", "brieff", "geschreven", "aan", "den", "agtbaren", "heer", "en", "vrundt", ",", "den", "twe", "gouverneur", "Salomon", "le", "sage", ",", "die", "alle", "bestieringen", "der", "E", ":", "Comp", "=", "e", "in", "de", "Moluccos", "hand-haefft", ",", "en", "ook", "alle", "de", "Celebese", "Eijlanden", "bestierd", "."], "events": ["O", "O", "O", "O", "O", "O", "O", "O", "O", "O", "O", "O", "O", "O", "O", "O", "O", "O", "O", "O", "O", "O", "O", "O", "O", "O", "O", "O", "O", "O", "O", "O", "O", "O", "O", "O", "O", "O", "O"]}
{"words": ["E", ":", "Heer", "gouverneur", ".", "Jk", "en", "de", "rijx", "=", "grooten", "van", "Tagulanda", "hebben", "des", "tweeden", "heer", "gouverneur", "schrijvens", "van", "dato", "16=e", "maij", "tot", "Taboecan", ",", "op", "den", "14=e", "julij", "ontfangen", ",", "ende", "den", "jnhoud", "van", "den", "brieff", "verstaan", ",", "te", "weten", ":", "als", "dat", "de", "heer", "gouverneur", "Cornelis", "vander", "duijn", "naar", "betavia", "vertreckt", ",", "Ende", "desselfs", "vervanger", ",", "is", "mijn", "vriend", "salomon", "le", "sage", ";"], "events": ["O", "O", "O", "O", "O", "O", "O", "O", "O", "O", "O", "O", "O", "O", "O", "O", "O", "O", "O", "O", "O", "O", "O", "O", "O", "O", "O", "O", "O", "O", "O", "O", "O", "O", "O", "O", "O", "O", "O", "O", "O", "O", "O", "O", "O", "O", "O", "O", "O", "O", "O", "O", "O", "O", "O", "O", "O", "O", "O", "O", "O", "O", "O", "O", "O", "O"]}
{"words": ["als", "meede", "ons", "te", "verstaan", "gegeven", ",", "wegens", "den", "Corporaal", "die", "in", "ons", "negorij", "legt", ",", "dat", "den", "selven", "uijt", "last", "van", "haar", "hoog", "Edelhedens", "tot", "batavia", "hier", "van", "daan", "geligt", "werd", ".", "dit", "dus", "daenigh", "zijnde", ",", "zoo", "hebben", "wij", "daar", "niets", "tegen", "te", "seggen", ",", "want", "het", "is", "des", "E", ":", "Compagnies", "believen", ",", "om", "te", "zetten", "en", "wederom", "te", "lichten", ",", "dit", "alles", "bestaat", "aan", "de", "bestieringe", "van", "de", "E", ":", "Compagnie", ",", "maar", "wat", "aanbelangt", "de", "regeeringe", "in", "ons", "land", ",", "zoodanig", "als", "het", "voor", "desen", "geweest", "is", ",", "dus", "daenigh", "is", "ook", "nog", "ons", "bestieringe", ".", "wijders", "staat", "in", "de", "brieff", "van", "mijn", "heer", ",", "dat", "zoo", "bij", "aldien", "wij", "een", "saak", "\u2014", "van", "aangelegentheijt", "hadden", ",", "het", "zelve", "naar", "manado", "souden", "schrijven", ",", "off", "jndien", "het", "zaake", "van", "grooter", "gewigte", "waren", ",", "het", "beter", "zoude", "sijn", ",", "Een", "vaartuijgh", "benevens", ".", "Een", "brieff", ",", "naar", "ternaten", "aan", "mijn", "heer", "te", "senden", ".", "weshalven", "ik", "aan", "mijn", "heer", "En", "vriend", "bekent", "maake", ",", "dat", "ik", "alhier", "voor", "Eerst", "in", "de", "heerschappije", "bewerkt", "hebbe", ",", "waar", "door", "Eenige", "gewigtige", "zaaken", "zouden", "mogen", "ontstaan", ",", "omtrent", "het", "gemeene", "volck", ",", "off", "wel", "tusschen", "de", "Coningen", ",", "maar", "bij", "aldien", "'", "er", "jemant", "mogte", "zijn", "de", "welcke", "jets", "op", "mijn", "persoon", "heefft", ",", "zulx", "is", "mij", "onbekent", ",", "want", "den", "onder", "Coopman", "Stephanus", "Thieraij", "heefft", "mijn", "stemme", "gehoort", ",", "de", "welcke", "waar", "en", "waaragtig", "is", ".", "met", "dat", "wij", "de", "brieff", "van", "mijn", "heeren", "ontfangen", "hadden", ",", "waaren", "we", "van", "meeninge", "een", "vaartuijg", "naar", "ternaten", "te", "senden", ",", "ten", "Eijnde", "mijn", "heer", "het", "bovenstaande", "bekent", "te", "maaken", ",", "maar", "wij", "hebben", "de", "brieff", "van", "mijn", "heer", "gedagteekent", "7\u201ee", "augusto", ",", "op", "den", "31\u201ee", "d", "=", "o", "ontfangen", ",", "in", "welken"], "events": ["O", "O", "O", "O", "O", "O", "O", "O", "O", "O", "O", "O", "O", "O", "O", "O", "O", "O", "O", "O", "O", "O", "O", "O", "O", "O", "O", "O", "O", "O", "O", "O", "O", "O", "O", "O", "O", "O", "O", "O", "O", "O", "O", "O", "O", "O", "O", "O", "O", "O", "O", "O", "O", "O", "O", "O", "O", "O", "O", "O", "O", "O", "O", "O", "O", "O", "O", "O", "O", "O", "O", "O", "O", "O", "O", "O", "O", "O", "O", "O", "O", "O", "O", "O", "O", "O", "O", "O", "O", "O", "O", "O", "O", "O", "O", "O", "O", "O", "O", "O", "O", "O", "O", "O", "O", "O", "O", "O", "O", "O", "O", "O", "O", "O", "O", "O", "O", "O", "O", "O", "O", "O", "O", "O", "O", "O", "O", "O", "O", "O", "O", "O", "O", "O", "O", "O", "O", "O", "O", "O", "O", "O", "O", "O", "O", "O", "O", "O", "O", "O", "O", "O", "O", "O", "O", "O", "O", "O", "O", "O", "O", "O", "O", "O", "O", "O", "O", "O", "O", "O", "O", "O", "O", "O", "O", "O", "O", "O", "O", "O", "O", "O", "O", "O", "O", "O", "O", "O", "O", "O", "O", "O", "O", "O", "O", "O", "O", "O", "O", "O", "O", "O", "O", "O", "O", "O", "O", "O", "O", "O", "O", "O", "O", "O", "O", "O", "O", "O", "O", "O", "O", "O", "O", "O", "O", "O", "O", "O", "O", "O", "O", "O", "O", "O", "O", "O", "O", "O", "O", "O", "O", "O", "O", "O", "O", "O", "O", "O", "O", "O", "O", "O", "O", "O", "O", "O", "O", "O", "O", "O", "O", "O", "O", "O", "O", "O", "O", "O", "O", "O", "O", "O", "O", "O", "O", "O", "O", "O", "O", "O", "O", "O", "O", "O", "O", "O", "O", "O", "O", "O", "O", "O"]}
{"words": ["brieff", "ik", "door", "mijn", "heer", ",", "volgens", "onder", "gewoonte", "ben", "derwaarts", "geroepen", ";", "maar", "nopende", "de", "ontbiedinge", ",", "van", "mijn", "heer", "omtrent", "mijn", "persoon", ",", "bestaat", "hier", "in", ",", "dat", "jngevalle", "ik", "niet", "ziekelijk", "was", ",", "waarom", "zoude", "ik", "niet", "op", "ternaten", "Comen", ",", "en", "voor", "mijn", "heer", "verschijnen", ",", "maar", "als", "ik", "zeer", "in", "nood", "en", "siekte", "ben", ",", "zoo", "sal", "ik", "jmand", "in", "plaatse", "van", "mij", "naar", "ternaten", "aan", "mijn", "heer", "senden", ".", "wijders", "versoeken", "wij", "met", "alle", "ootmoedigheijt", ",", "dat", "mijn", "heer", "dog", "niet", "swaarmoedigh", ",", "over", "ons", "gelieve", "te", "zijn", ",", "om", "dat", "wij", "niet", "spoedig", "mijn", "heers", "brieven", "beantwoort", ",", "off", "ons", "schrijvens", "aan", "mijn", "heer", "gesonden", "hebben", ",", "waarmeede", "ik", "en", "alle", "mijne", "rijxgrooten", ",", "naar", "onse", "onderdaenige", "groete", "en", "toewenschinge", "van", "gesontheijt", "en", "welvaart", "verblijve", ",", "mijn", "Heer", "uw", "'", "2e", "E", "=", "s", "genegene", "vrund", "en", "was", "geteekent", ":)", "philip", "anthonisz", ":", "ter", "zijden", "tagulanda", "den", "9\u201ee", "Januarij", "1697", "."], "events": ["O", "O", "O", "O", "O", "O", "O", "O", "O", "O", "O", "O", "O", "O", "O", "O", "O", "O", "O", "O", "O", "O", "O", "O", "O", "O", "O", "O", "O", "O", "O", "O", "O", "O", "O", "O", "O", "O", "O", "O", "O", "O", "O", "O", "O", "O", "O", "O", "O", "O", "O", "O", "O", "O", "O", "O", "O", "O", "O", "O", "O", "O", "O", "O", "O", "O", "O", "O", "O", "O", "O", "O", "O", "O", "O", "O", "O", "O", "O", "O", "O", "O", "O", "O", "O", "O", "O", "O", "O", "O", "O", "O", "O", "O", "O", "O", "O", "O", "O", "O", "O", "O", "O", "O", "O", "O", "O", "O", "O", "O", "O", "O", "O", "O", "O", "O", "O", "O", "O", "O", "O", "O", "O", "O", "O", "O", "O", "O", "O", "O", "O", "O", "O", "O", "O", "O", "O", "O", "O", "O", "O", "O", "O", "O", "O", "O", "O", "O", "O", "O", "O", "O", "O", "O", "O", "O", "O", "O"]}
{"words": ["Translaat", "van", "een", "Maleijtse", "Brief", ",", "door", "den", "Coningh", "en", "rijx", "=", "grooten", "van", "Taboecan", "aan", "de", "E", ":", "Heer", "gouverneur", "Saclomon", "le", "sage", "geschreven", "dato", "19=e", "Ianuarij", "a", "=", "o", "1697", ".", "\u2014", "ntfangen", "den", "24\u201ee", "'", "Februarij", "daar", "aan", "volgende", "."], "events": ["O", "O", "O", "O", "O", "O", "O", "O", "O", "O", "O", "O", "O", "O", "O", "O", "O", "O", "O", "O", "O", "O", "O", "O", "O", "O", "O", "O", "O", "O", "O", "O", "O", "O", "O", "O", "O", "O", "O", "O", "O", "O", "O"]}
{"words": ["Ternaten", ".", "Aan", "den", "agtbaren", "Heer", "en", "Vrund", "die", "Regtvaardigh", "en", "verstaandig", "is", "d", "'", "E", ":", "Heer"], "events": ["O", "O", "O", "O", "O", "O", "O", "O", "O", "O", "O", "O", "O", "O", "O", "O", "O", "O"]}
{"words": ["gouverneur", "Salomon", "le", "sage", ",", "die", "in", "de", "stadt", "ternaten", "Regeert", "godt", "de", "Heere", "verleene", ",", "mijn", "Heer", "en", "Vriend", ";", "Alle", "Heijl", "en", "zegen", "."], "events": ["O", "O", "O", "O", "O", "O", "O", "O", "O", "O", "O", "O", "O", "O", "O", "O", "O", "O", "O", "O", "O", "O", "O", "O", "O", "O"]}
{"words": ["Verders", "ik", "en", "alle", "mijne", "grooten", "hebben", "de", "brieff", "van", "mijn", "heer", "gouverneur", "gedateert", "7=e", "augustij", ",", "op", "den", "24\u201ee", "daar", "aan", "ontfangen", ",", "en", "den", "jnbond", "wel", "verstaan", ",", "zijnde", "ons", "zeer", "aangenaam", "geweest", "te", "hooren", "dat", "mijn", "heer", "Compagnies", "magt", "op", "ternaten", ",", "de", "sangierse", "Eijlanden", ",", "ende", "over", "de", "Eelebes", "regeert", ".", "\u2014", "nog", "Eensdeels", "mijn", "heer", ",", "heefft", "mij", "derwaarts", "op", "ontboden", ",", "zulx", "is", "mij", "aangenaam", ",", "maar", "vermits", "ter", "dier", "tijd", "de", "moissen", "verloopen", "was", "versoeke", "Excuijs", ",", "dog", "zal", "met", "dese", "mosson", "voor", "mijn", "heer", "verschijnen", ".", "Jk", "heb", "medde", "Een", "brieff", "van", "den", "Zergeant", ",", "tot", "manado", "gedateert", "24=e", "september", "1696", ".", "op", "den", "6=e", "october", "daar", "aan", "volgende", "ontfangen", ",", "welckers", "jnhout", "was", ",", "dat", "hij", "aan", "alle", "de", "Coningen", "uit", "'s", "Compagnes", "naame", "aanschrijfft", ",", "datse", "olij", "naar", "ternaten", "zouden", "senden", ",", "om", "aan", "de", "E", ":", "Compaginie", "te", "verkoopen", ",", "uijt", "welcken", "hoofde", "heb", "ik", "met", "den", "dersten", ",", "twee", "vaartuijgen", "om", "de", "selve", "aff", "te", "senden", "laaten", "vervaardigen", ",", "de", "welcke", "ook", "twee", "maanden", "langh", "ter", "reede", "hebben", "gelegen", ",", "om", "redenen", "wegens", "het", "voorval", "van", "ons", "Princesse", "sara", "Sarabanou", ",", "dogter", "van", "mijn", "broeder", ",", "den", "Coningh", "Marcus", "Calero", "en", "princesse", "Susanna", "lorolabo", ",", "die", "bij", "mij", "op", "Taboecan", "woont", ",", "welcke", "princesse", "naar", "candahar"], "events": ["O", "O", "O", "O", "O", "O", "O", "O", "O", "O", "O", "O", "O", "O", "O", "O", "O", "O", "O", "O", "O", "O", "O", "O", "O", "O", "O", "O", "O", "O", "O", "O", "O", "O", "O", "O", "O", "O", "O", "O", "O", "O", "O", "O", "O", "O", "O", "O", "O", "O", "O", "O", "O", "O", "O", "O", "O", "O", "O", "O", "O", "O", "O", "O", "O", "O", "O", "O", "O", "O", "O", "O", "O", "O", "O", "O", "O", "O", "O", "O", "O", "O", "O", "O", "O", "O", "O", "O", "O", "O", "O", "O", "O", "O", "O", "O", "O", "O", "O", "O", "O", "O", "O", "O", "O", "O", "O", "O", "O", "O", "O", "O", "O", "O", "O", "O", "O", "O", "O", "O", "O", "O", "O", "O", "O", "O", "O", "O", "O", "O", "O", "O", "O", "O", "O", "O", "O", "O", "O", "O", "O", "O", "O", "O", "O", "O", "O", "O", "O", "O", "O", "O", "O", "O", "O", "O", "O", "O", "O", "O", "O", "O", "O", "O", "O", "O", "O", "O", "O", "O", "O", "O", "O", "O", "O", "O", "O", "O", "O", "O", "O", "O", "O", "O", "O", "O", "O", "O", "O", "O", "O", "O", "O", "O", "O", "O", "O", "O", "O", "O", "O", "O", "O", "O", "O", "O", "O", "O", "O", "O", "O", "O", "O", "O", "O", "O", "O", "O"]}
{"words": ["is", "gegaan", ",", "om", "haar", "sieke", "groot-vader", "den", "Coning", "boisan", "te", "behoeken", ",", "dog", "de", "soon", "van", "den", "kitjil", "soegala", ",", "genaamt", "Bakaria", "een", "heijden", "zijnde", "heefft", "haar", "verleijd", ",", "en", "tot", "sijn", "vrouwe", "genomen", ",", "maar", "wij", "hebben", "het", "selve", "niet", "willen", "toestaan", ",", "om", "redenen", "soegala", "en", "sijn", "soon", "Bakarie", "moors", "zijn", ",", "ten", "anderen", "ook", "hun", "geslagte", "met", "de", "onse", "niet", "over", "Een", "komende", ",", "daarom", "maaken", "wij", "sulk", "gedoente", "aan", "ons", "bethoond", ",", "aan", "mijn", "heer", "bekent", ",", "wij", "verwonderen", "ons", "ook", "over", "dese", "kitjil", ",", "dat", "hij", "sijn", "manieren", "van", "doen", ",", "niet", "en", "wilt", "naelaten", ";", "daar", "de", "gecommitteerdens", "wanneer", "die", "hier", "waren", ",", "hem", "voor", "desen", "over", "sijn", "quade", "wercken", "gestrafft", "hebben", ",", "en", "nu", "begint", "hij", "zulx", "weder", "aan", "te", "vangen", ",", "om", "welcke", "redens", "halve", "onse", "affgesondene", "soo", "lange", "sijn", "agtergebleven", ",", "zieteens", "mijn", "heer", "het", "gedoente", "van", "dese", "kitjil", "en", "sijn", "zoon", ",", "die", "niet", "anders", "en", "soekt", "als", "Continuelijck", "de", "Christelijcke", "religie", "en", "den", "adeldom", "te", "vertreden", ",", "bij", "aldier", "mijn", "heer", "de", "mooren", ",", "zoodaenigh", "laat", "gewerden", ",", "soo", "sal", "ons", "die", "de", "Christelijcke", "religie", "onderhouden", "groot", "overlast", "aangedaan", "werden", ".", "nog", "meede", "verhaald", "den", "Coning", "Boeisan", "in", "onse", "presentie", "dat", "dese", "soegala", "en", "sijn", "soon", "Bakarie", "Eenige", "tooverije", "hebben", "aangeregt", ",", "als", "hebbende", "Eerst", "op", "het", "papier", "geschreven", "de", "selve", "verbrand", "en", "de", "asch", "daar", "van", "onder", "Calk", "gemengt", ",", "En", "de", "princesse", "te", "Eeten", "gegeven", ",", "waar", "van", "sij", "als", "rasende", "is", "geworden", ",", "van", "dag", "en", "nagt", "te", "schrijen", ",", "en", "op", "Bakaie", "te", "dencken", ",", "zoo", "wanneer", "mijn", "heer", "sulcke", "menschen", "niet", "en", "strafft", ",", "zullense", "niet", "afflaten", "om", "de", "Christelijcke", "religie", "en", "den", "adel", "quaad", "te", "doen", ",", "."], "events": ["O", "O", "O", "O", "O", "O", "O", "O", "O", "O", "O", "O", "O", "O", "O", "O", "O", "O", "O", "O", "O", "O", "O", "O", "O", "O", "O", "O", "O", "O", "O", "O", "O", "O", "O", "O", "O", "O", "O", "O", "O", "O", "O", "O", "O", "O", "O", "O", "O", "O", "O", "O", "O", "O", "O", "O", "O", "O", "O", "O", "O", "O", "O", "O", "O", "O", "O", "O", "O", "O", "O", "O", "O", "O", "O", "O", "O", "O", "O", "O", "O", "O", "O", "O", "O", "O", "O", "O", "O", "O", "O", "O", "O", "O", "O", "O", "O", "O", "O", "O", "O", "O", "O", "O", "O", "O", "O", "O", "O", "O", "O", "O", "O", "O", "O", "O", "O", "O", "O", "O", "O", "O", "O", "O", "O", "O", "O", "O", "O", "O", "O", "O", "O", "O", "O", "O", "O", "O", "O", "O", "O", "O", "O", "O", "O", "O", "O", "O", "O", "O", "O", "O", "O", "O", "O", "O", "O", "O", "O", "O", "O", "O", "O", "O", "O", "O", "O", "O", "O", "O", "O", "O", "O", "O", "O", "O", "O", "O", "O", "O", "O", "O", "O", "O", "O", "O", "O", "O", "O", "O", "O", "O", "O", "O", "O", "O", "O", "O", "O", "O", "O", "O", "O", "O", "O", "O", "O", "O", "O", "O", "O", "O", "O", "O", "O", "O", "O", "O", "O", "O", "O", "O", "O", "O", "O", "O", "O", "O", "O", "O", "O", "O", "O", "O", "O", "O", "O", "O", "O", "O", "O", "O", "O", "O", "O", "O", "O", "O", "O", "O", "O", "O", "O", "O", "O", "O", "O", "O", "O", "O", "O", "O", "O", "O", "O", "O", "O", "O", "O", "O", "O", "O", "O", "O", "O", "O", "O", "O", "O", "O", "O", "O", "O", "O", "O", "O"]}
{"words": ["Jngevalle", "ik", "om", "de", "vermaeninge", "van", "de", "E", ":", "Compagnie", "aan", "mij", "gedaan", "niet", "en", "liet", ",", "soude", "ik", "dese", "soegala", "den", "oorlogh", "aan", "doen", ",", "wantik", "en", "mijn", "Rijx", "=", "grooten", "begeren", "niet", "dat", "de", "mooren", "de", "Christelijcke", "religie", "zoude", "vertreden", ";", "waar", "meede", "dese", "naar", "veel", "groete", "Eijndige", "verblijve", "(:", "onderstond", ":)", "wij", "uw", "E", "=", "s", "vrunden", "en", "geteekent", ",", "Mattheus", "Fransisco", "maca", "=", "ampo", ",", "david", "pandjalon", "en", "Zacharias", "gingam", ",", "(:", "ter", "zijden", ":)", "geschreven", "op", "Taboecan", "den", "19\u201ee", "Januarij", "a", "\u201e", "o", "1697", "."], "events": ["O", "O", "O", "O", "O", "O", "O", "O", "O", "O", "O", "O", "O", "O", "O", "O", "O", "O", "O", "O", "O", "O", "O", "O", "O", "O", "O", "O", "O", "O", "O", "O", "O", "O", "O", "O", "O", "O", "O", "O", "O", "O", "O", "O", "O", "O", "O", "O", "O", "O", "O", "O", "O", "O", "O", "O", "O", "O", "O", "O", "O", "O", "O", "O", "O", "O", "O", "O", "O", "O", "O", "O", "O", "O", "O", "O", "O", "O", "O", "O", "O", "O", "O", "O", "O", "O", "O", "O", "O", "O"]}
{"words": ["Translaat", "van", "een", "Malleijts", "Briefje", "door", "den", "Coning", "van", "Taboecan", "geschreven", ",", "aan", "de", "E", ":", "E", ":", "Heer", "gouverneur", "Salomon", "le", "Hage", ",", "dato", "19=e", "Januarij", "a", "=", "o", "1697", ".", "ontfangen", "den", "24=e", "Februarij", "daar", "aan", "volgende", "."], "events": ["O", "O", "O", "O", "O", "O", "O", "O", "O", "O", "O", "O", "O", "O", "O", "O", "O", "O", "O", "O", "O", "O", "O", "O", "O", "O", "O", "O", "O", "O", "O", "O", "O", "O", "O", "O", "O", "O", "O", "O"]}
{"words": ["Aan", "mijn", "Heer", "en", "Vrundt", "den", "gouverneur", "salomon", "le", "Sage", ",", "die", "in", "de", "stadt", "Ternaten", "Regeert", "."], "events": ["O", "O", "O", "O", "O", "O", "O", "O", "O", "O", "O", "O", "O", "O", "O", "O", "O", "O"]}
{"words": ["Jck", "uw", "E", ":", "s", "vrundt", "ben", "nog", "welvaarende", "en", "zendt", "tegenwoordig", "naede", "moluccos", "aan", "de", "E", ":", "Compagie", "twee", "vaartuijgen", "geladen", "met", "olij", ",", "met", "versoek", "aan", "mijn", "vrund", ",", "dat", "nae", "verloop", "van", "Een", "maand", "de", "selve", "vaartuijgen", ",", "weder", "herwaarts", "believe", "te", "licentieren", ",", "alsoo", "ik", "daar"], "events": ["O", "O", "O", "O", "O", "O", "O", "O", "O", "O", "O", "O", "O", "O", "O", "O", "O", "O", "O", "O", "O", "O", "O", "O", "O", "O", "O", "O", "O", "O", "O", "O", "O", "O", "O", "O", "O", "O", "O", "O", "O", "O", "O", "O", "O", "O", "O", "O", "O", "O"]}
{"words": ["meede", "op", "ternaten", "meende", "te", "Comen", "jk", "uw", "E", "=", "s", "vrund", "hebbe", "niet", "anders", "om", "tot", "een", "oog", "=", "teken", "te", "dienen", ",", "als", "Een", "korffje", "met", "voogel-nesjes", ",", "zijnde", "in", "handen", "van", "den", "naghoda", "Ioannes", "lagoege", ",", "waar", "meede", "verblijve", "naar", "groete", "(:", "onderstond", ":)", "ik", "uw", "E", "=", "s", "vrund", ",", "en", "was", "geteekent", "Mattheos", "Francisco", "maka-ampo", ",", "ter", "zijden", ":/", "geschreven", "op", "taboecan", "den", "19\u201ee", "januarij", "1697", "."], "events": ["O", "O", "O", "O", "O", "O", "O", "O", "O", "O", "O", "O", "O", "O", "O", "O", "O", "O", "O", "O", "O", "O", "O", "O", "O", "O", "O", "O", "O", "O", "O", "O", "O", "O", "O", "O", "O", "O", "O", "O", "O", "O", "O", "O", "O", "O", "O", "O", "O", "O", "O", "O", "O", "O", "O", "O", "O", "O", "O", "O", "O", "O", "O", "O", "O", "O", "O", "O", "O", "O", "O", "O"]}
{"words": ["Translaat", "van", "een", "Maleijtse", "Brieff", ",", "door", "Batchians", "Coning", "aan", "de", "E", ":", "E", ":", "Heer", "gouverneur", "en", "Raad", "geschreven", ",", "ontfangen", "den", "2\u201ee", "maart", "1697", "."], "events": ["O", "O", "O", "O", "O", "O", "O", "O", "O", "O", "O", "O", "O", "O", "O", "O", "O", "O", "O", "O", "O", "O", "O", "O", "O", "O", "O"]}
{"words": ["Desen", "brieff", "van", "uE", ":", "soon", "den", "Coningh", "van", "Batchian", "alawadin", ",", "Comt", "uijt", "Een", "zuijver", "en", "waare", "genegentheijt", "beneffens", "veele", "groete", ",", "aan", "vader", "de", "heer", "gouverneur", "en", "den", "gantschen", "Raad", "in", "het", "Casteel", "orangie", ",", "die", "de", "magt", "van", "de", "E", ":", "Compagnie", "in", "de", "moluccos", "\u2014", "regeert", ",", "godt", "de", "heere", "verleene", "hun", "langh", "leven", "en", "welvaren", "amen", ".", "wijders", "wanneer", "uw", "E", ":", "soon", "op", "ternaten", "was", ",", "heefft", "hij", "te", "kennen", "gegeven", ",", "dat", "een", "zeker", "kitjil", "van", "masouel", "genaamt", "Besie", "op", "Batchian", "is", "gecomen", ",", "welcke", "kitsjil", "nu", "versoekt", "om", "weder", "nae", "zijn", "land", "te", "keeren", ",", "daar", "omme", "maake", "zulx", "aan", "de", "heer", "gouverneur", ",", "en", "den", "gantschen", "raad", "in", "het", "Casteel", "orangie", "bekent", ",", "wanneer", "hij", "gecomen", "is", "hebbe", "het", "selve", "te", "kennen", "gegeven", ",", "en", "nu", "\u2014"], "events": ["O", "O", "O", "O", "O", "O", "O", "O", "O", "O", "O", "O", "O", "O", "O", "O", "O", "O", "O", "O", "O", "O", "O", "O", "O", "O", "O", "O", "O", "O", "O", "O", "O", "O", "O", "O", "O", "O", "O", "O", "O", "O", "O", "O", "O", "O", "O", "O", "O", "O", "O", "O", "O", "O", "O", "O", "O", "O", "O", "O", "O", "O", "O", "O", "O", "O", "O", "O", "O", "O", "O", "O", "O", "O", "O", "O", "O", "O", "O", "O", "O", "O", "O", "O", "O", "O", "O", "O", "O", "O", "O", "O", "O", "O", "O", "O", "O", "O", "O", "O", "O", "O", "O", "O", "O", "O", "O", "O", "O", "O", "O", "O", "O", "O", "O", "O", "O", "O", "O", "O", "O", "O", "O", "O", "O", "O", "O", "O", "O", "O", "O", "O", "O", "O", "O", "O"]}
{"words": ["hij", "vertreckt", ",", "maake", "zulx", "meede", "bekent", ".", "geschreven", "op", "den", "19\u201ee", "dagh", "van", "de", "maandt", "Radjab", "'t", "jaar", "1108", "."], "events": ["O", "O", "O", "O", "O", "O", "O", "O", "O", "O", "O", "O", "O", "O", "O", "O", "O", "O", "O", "O", "O"]}
{"words": ["Translaat", "van", "een", "maleijtse", "Brieff", ",", "door", "tid", "ons", "Coning", "aan", "de", "E", ":", "Heer", "gouverneur", "Salomon", "le", "sage", "geschreven", ",", "ontfangen", "den", "11\u201ee", "maart", "1697", "."], "events": ["O", "O", "O", "O", "O", "O", "O", "O", "O", "O", "O", "O", "O", "O", "O", "O", "O", "O", "O", "O", "O", "O", "O", "O", "O", "O", "O"]}
{"words": ["Dese", "brieff", "van", "uw", "E", ":", "soon", "den", "padoeca", "Sirij", "Sulthan", "Hamsa", "Faharoedin", "sjak", ",", "en", "alle", "de", "rijxgrooten", "van", "het", "Eijland", "sidoor", ",", "komt", "met", "veele", "groete", ",", "aan", "vader", "de", "heer", "gouverneur", ",", "en", "den", "geheelen", "raad", ",", "die", "de", "magt", "van", "de", "E", ":", "Compagnie", "regeert", ",", "en", "wien", "godt", "wil", "geven", ",", "lang", "leven", "en", "welvaart", "amen", ".", "wijders", "maake", "bekent", ",", "dat", "de", "onderdanen", "van", "tidor", "versoeken", ",", "om", "de", "wardije", "der", "nagelen", "volgens", "jaarlijcks", "gebruijck", ",", "tot", "welcken", "Eijnde", "gaan", "over", "den", "quimelaka", "Toidi", "Joema", ",", "de", "schrijvers", "Taroena", "en", "salema", "mitsgaders", "mangoestangh", ",", "en", "padoeca", ",", "om", "voor", "vader", "de", "heer", "gouverneur", "en", "den", "gantschen", "Raad", "te", "verschijnen", ".", "geschreven", "op", "Het", "Eijland", "Tidor", "den", "14\u201ee", "dagh", "vande", "maand", "sabaan", ",", "nae", "de", "vlught", "des", "propheets", "1108", ",", "het", "Iaar", "Ia", "."], "events": ["O", "O", "O", "O", "O", "O", "O", "O", "O", "O", "O", "O", "O", "O", "O", "O", "O", "O", "O", "O", "O", "O", "O", "O", "O", "O", "O", "O", "O", "O", "O", "O", "O", "O", "O", "O", "O", "O", "O", "O", "O", "O", "O", "O", "O", "O", "O", "O", "O", "O", "O", "O", "O", "O", "O", "O", "O", "O", "O", "O", "O", "O", "O", "O", "O", "O", "O", "O", "O", "O", "O", "O", "O", "O", "O", "O", "O", "O", "O", "O", "O", "O", "O", "O", "O", "O", "O", "O", "O", "O", "O", "O", "O", "O", "O", "O", "O", "O", "O", "O", "O", "O", "O", "O", "O", "O", "O", "O", "O", "O", "O", "O", "O", "O", "O", "O", "O", "O", "O", "O", "O", "O", "O", "O", "O", "O", "O", "O", "O", "O", "O", "O", "O", "O", "O", "O", "O", "O", "O"]}
{"words": ["Translaat", "van", "een", "Maleijtse", "Bries", ",", "door", "den", "Coning", "van", "tidor", "aan", "de", "E", ":", "E", ":", "Heer", "gouverneur", "Salomon", "le", "sage", "geschreven", "ontfangen", "tot", "Ternaten", "den", "2=e", "April", "a", "=", "o", "1697", "."], "events": ["O", "O", "O", "O", "O", "O", "O", "O", "O", "O", "O", "O", "O", "O", "O", "O", "O", "O", "O", "O", "O", "O", "O", "O", "O", "O", "O", "O", "O", "O", "O", "O", "O", "O"]}
{"words": ["Desen", "brieff", "van", "uw", "E", ":", "soon", "den", "padoeca", "Sirij", "sulthan", "Hamza", "Fraharoedin", "sjak", "Comt", "met", "veele", "groete", ",", "uijt", "een", "weemoedig", ",", "bedroefft", "en", "genegene", "herte", "aan", "vader", "de", "heer", "gouverneur", "Saloinon", "le", "hage", ",", "wien", "god", "wil", "gunnen", "Een", "lang", "leven", "en", "gesontheijt", "amen", ".", "\u2014", "wijders", "maakt", "u", "E", ":", "soon", "den", "padoeca", "sierije", "sulthan", "Hamsa", "Fahat", "reedit", ",", "die", "een", "wese", "in", "de", "negorije", "tidoor", "is", ",", "bekent", ",", "wegens", "de", "brieff", "die", "den", "tolcq", "pieter", ",", "aan", "uw", "E", ":", "soon", "heefft", "gebragt", ",", "heefft", "uE", ":", "zoon", "wel", "ontfangen", ",", "van", "welckers", "jnhout", "uw", "E", ":", "zoon", "seer", "verstelt", "was", ",", "over", "het", "verlies", "van", "zijn", "moeder", ",", "met", "beede", "tot", "den", "almagtigen", "godt", ",", "dat", "hij", "mijn", "moeder", "in", "de", "Eeuwige", "ruste", "beliefft", "op", "te", "nemen", ";", "maar", "uE", ":", "zoon", "zal", "niet", "afflaten", ",", "zoo", "lange", "hij", "leefft", ",", "bij", "dag", "en", "nagt", "daar", "over", "bedroefft", "te", "zijn", ",", "Eijnde", ",", "(", "onderstond:/", "geschreven", "op", "het", "Eijland", "Tidor", "den", "10\u201ee", "dag", "vande", "maand", "ramalaan", "in", "'t", "jaar", "1108", ".", "'t", "jaar", "Ita", "."], "events": ["O", "O", "O", "O", "O", "O", "O", "O", "O", "O", "O", "O", "O", "O", "O", "O", "O", "O", "O", "O", "O", "O", "O", "O", "O", "O", "O", "O", "O", "O", "O", "O", "O", "O", "O", "O", "O", "O", "O", "O", "O", "O", "O", "O", "O", "O", "O", "O", "O", "O", "O", "O", "O", "O", "O", "O", "O", "O", "O", "O", "O", "O", "O", "O", "O", "O", "O", "O", "O", "O", "O", "O", "O", "O", "O", "O", "O", "O", "O", "O", "O", "O", "O", "O", "O", "O", "O", "O", "O", "O", "O", "O", "O", "O", "O", "O", "O", "O", "O", "O", "O", "O", "O", "O", "O", "O", "O", "O", "O", "O", "O", "O", "O", "O", "O", "O", "O", "O", "O", "O", "O", "O", "O", "O", "O", "O", "O", "O", "O", "O", "O", "O", "O", "O", "O", "O", "O", "O", "O", "O", "O", "O", "O", "O", "O", "O", "O", "O", "O", "O", "O", "O", "O", "O", "O", "O", "O", "O", "O", "O", "O", "O", "O", "O", "O", "O", "O", "O", "O", "O", "O", "O", "O", "O", "O", "O", "O", "O", "O", "O", "O"]}
{"words": ["Translaat", "van", "een", "maleijts", "Briefje", ",", "door", "Batchians", "Coning"], "events": ["O", "O", "O", "O", "O", "O", "O", "O", "O"]}
