{"words": ["N", "\u201e", "o", "11"], "events": ["O", "O", "O", "O"]}
{"words": ["Eijsch", "en", "de", "Conclusie", "gedaen", "maeken", ",", "en", "aan", "den", "E", ":", "Achtbaeren", "Heer", "Adriaan", "Van", "Kervel", "Praesident", ",", "benevens", "den", "E", ":", "Achtbaeren", "Raad", "van", "Justitie", "deeses", "gouvernements", "overgegeven", "door", "ende", "van", "weegens", "Mr.", "Daniel", "Van", "Den", "Henghel", "Fiscaal", "Independent", "alhier", "Nomine", "officie", "Eijschen"], "events": ["O", "O", "O", "O", "O", "O", "O", "O", "O", "O", "O", "O", "O", "O", "O", "O", "O", "O", "O", "O", "O", "O", "O", "O", "O", "O", "O", "O", "O", "O", "O", "O", "O", "O", "O", "O", "O", "O", "O", "O", "O", "O", "O", "O", "O"]}
{"words": ["Contra", "Ianuarij", "van", "bengaele", "slaaf", "van", "aen", "soldaat", "Christoffel", "Fabritius", "thans", "'s", "Heeren", "gevangen", "en", "gedaaaden", "in", "Cas", "van", "gepleegde", "diefte", "met", "gewelt", ",", "en", "huijsbraak", "Eijsch", "ad", "mortem", "te", "aenhoren", "E", ":", "E", ":", "Achtbaere", "Heeren", ".", "\u2014"], "events": ["O", "O", "O", "O", "O", "O", "O", "O", "O", "O", "O", "O", "O", "O", "O", "O", "O", "O", "O", "O", "O", "O", "O", "O", "O", "O", "O", "O", "O", "O", "O", "O", "O", "O", "O", "O", "O", "O", "O"]}
{"words": ["Om", "deesen", "Eijsch", "kortelijk", "te", "fundeeren", "en", "te", "bewaerheden", ",", "so", "legt", "den", "Eijscher", "eenlijk", "over", "de", "gerecolleerde", "vrijwillige", "Confessie", "van", "den", "gevangen", ",", "neevens", "een", "mede", "Confessie", "van", "een", "mede", "slaaf", "van"], "events": ["O", "O", "O", "O", "O", "O", "O", "O", "O", "O", "O", "O", "O", "O", "O", "O", "O", "O", "O", "O", "O", "O", "O", "O", "O", "O", "O", "O", "O", "O", "O", "O", "O"]}
{"words": ["den", "soldaat", "Fabritius", ",", "dewelke", "die", "diefstal", "onbreeking", "met", "gewelt", "heeft", "gesien", ",", "en", "denwelke", "den", "Eijscher", "mede", "gevankelijk", "was", "toegesonden", "al", "een", "complice", ",", "dog", "het", "blijkt", "uijt", "de", "confessie", "van", "den", "gevange", "in", "deese", ",", "als", "meede", "uijt", "sijn", "eijge", ",", "da", "hij", "in", "plaats", "van", "mede", "hulper", ",", "de", "gene", "is", "gewa", "die", "dit", "feijt", "ontdekt", "en", "aangebragt", "heeft", ";", "wa", "#", "om", "den", "Eijscher", "denselve", "aanstonds", "heeft", "los", "gela", "#", "ten", ";", "Het", "Corpus", "delicti", "van", "dit", "feijt", "heeft", "klaa", "gebleeken", "bij", "de", "visitatie", ",", "dewelke", "den", "Eijscher", "bena", "vens", "heeren", "gecommitteerdens", "uijt", "deesen", "achtbaen", "raeden", "ten", "huijse", "van", "gemelde", "soldaat", "heeft", "g", "daen", ",", "alwaer", "ondervonden", "hebben", ",", "dat", "de", "eene", "huij", "van", "een", "voorkamer", "binnens", "huijs", "was", "uijtgebra", "ken", ",", "en", "het", "knipje", "ofte", "schuijfje", "alsoo", "van", "dat", "venstertje", "geopent", ",", "en", "dat", "de", "Lessenaer", "waar", "aan", "die", "diefstal", "is", "gepleegt", ",", "met", "force", "en", "gewtelt", "wo", "open", "gebrooken", ".", "Konnende", "voorts", "UEd", ".", "acht", "uijt", "de", "boovengenoemde", "stukken", "klaer", "sien", ",", "ho", "den", "gevangen", "voorledene", "dingsdag", "den", "23", "der", "gepasseerde", ".", "maand", "april", "des", "morgens", "ten", "Elf", "uuren", "(:", "wanneer", "sijn", "lijfheer", "naar", "buijten", "was", "reden", ",", "en", "hij", "gevangen", ",", "en", "nog", "een", "domme", "se", "slaaf", ",", "den", "attestant", "in", "dese", "allenig", "thuijs", "was", ":)", "Een", "stoel", "heeft", "genoomen", ",", "en", "deselve", "gese", "voor", "het", "venstertje", "van", "een", "klyne", "voorkamer", "in", "dat", "huijs", ",", "dat", "hij", "vervolgens", "een", "ruijt", "uij", "de", "raem", "van", "dat", "venster", "heeft", "gebrooken", "en", "het"], "events": ["O", "O", "O", "O", "O", "O", "O", "O", "O", "O", "O", "O", "O", "O", "O", "O", "O", "O", "O", "O", "O", "O", "O", "O", "O", "O", "O", "O", "O", "O", "O", "O", "O", "O", "O", "O", "O", "O", "O", "O", "O", "O", "O", "O", "O", "O", "O", "O", "O", "O", "O", "O", "O", "O", "O", "O", "O", "O", "O", "O", "O", "O", "O", "O", "O", "O", "O", "O", "O", "O", "O", "O", "O", "O", "O", "O", "O", "O", "O", "O", "O", "O", "O", "O", "O", "O", "O", "O", "O", "O", "O", "O", "O", "O", "O", "O", "O", "O", "O", "O", "O", "O", "O", "O", "O", "O", "O", "O", "O", "O", "O", "O", "O", "O", "O", "O", "O", "O", "O", "O", "O", "O", "O", "O", "O", "O", "O", "O", "O", "O", "O", "O", "O", "O", "O", "O", "O", "O", "O", "O", "O", "O", "O", "O", "O", "O", "O", "O", "O", "O", "O", "O", "O", "O", "O", "O", "O", "O", "O", "O", "O", "O", "O", "O", "O", "O", "O", "O", "O", "O", "O", "O", "O", "O", "O", "O", "O", "O", "O", "O", "O", "O", "O", "O", "O", "O", "O", "O", "O", "O", "O", "O", "O", "O", "O", "O", "O", "O", "O", "O", "O", "O", "O", "O", "O", "O", "O", "O", "O", "O", "O", "O", "O", "O", "O", "O", "O", "O", "O", "O", "O", "O", "O", "O", "O", "O", "O", "O", "O", "O", "O", "O", "O", "O", "O", "O", "O", "O", "O", "O", "O", "O", "O", "O", "O", "O", "O"]}
{"words": ["selve", "geopent", ",", "klimmende", "dus", "door", "het", "op", "en", "venster", "in", "die", "kaamer", ",", "alwaer", "hij", "met", "een", "kapmes", "(:", "'t", "welk", "de", "Eijscher", "de", "Eer", "heeft", "hier", "neevens", "aen", "UEd", ":", "achtbaere", "te", "vertoonen", ":)", "een", "aldaer", "staende", "Lessenaer", "heeft", "op", "engebrooken", ",", "waer", "inne", "hij", "gevangen", ",", "wist", "dat", "sijn", "lijfheer", "sijn", "gelt", ",", "en", "ander", "goed", "altoos", "bewaerden", ";", "Neemende", "vervolgens", "uijt", "gemelde", "Lissenaer", "vier", "goude", "ringen", ",", "en", "Een", "partij", "gemunt", "silver", "gelt", ",", "thans", "mede", "in", "Iudicio", "gebragt", ",", "gevende", "daar", "na", "aen", "den", "slaaf", "mers", "die", "weder", "te", "rug", "was", "gekomen", "uijt", "de", "bier", "tappereij", ",", "alwaer", "hij", "de", "man", "6", "van", "het", "huijs", "weegens", "de", "begaene", "diefstal", "hadde", "gewaarschouwt", "de", "helft", "van", "het", "gestoole", "gelt", ",", "en", "ging", "vervolgens", "met", "denselve", "uijt", "den", "huijsdog", "eeventjes", "daar", "buijten", "gekoomen", "sijnde", ",", "gaf", "gemelde", "slaaf", "mers", "hem", "gevangen", "het", "gelt", "weederom", ",", "'t", "welk", "den", "gevangen", "nevens", "het", "andere", "gestoole", "goed", ",", "als", "Twee", "messen", ",", "en", "Een", "neusdoek", ",", "in", "een", "andere", "neusdoek", "te", "saemen", "byndgaende", "dus", "met", "hun", "beijde", "naer", "den", "Tappereij", "alwaer", "den", "gevangen", "wijn", "drinkende", "door", "het", "rammelen", "van", "het", "gelt", ",", "en", "goud", ",", "in", "sijn", "sak", "ontrekt", "wierd", ",", "en", "vervolgens", "gevangen", "genoomen", ",", "en", "in", "handen", "van", "de", "Justitie", "overgebragt", ".", "Dus", "dan", "kortelijk", "en", "sonne", "klaar", "uijt", "de", "in", "suffisanste", "beweijsen", "regten", "verEijscht", "werdende"], "events": ["O", "O", "O", "O", "O", "O", "O", "O", "O", "O", "O", "O", "O", "O", "O", "O", "O", "O", "O", "O", "O", "O", "O", "O", "O", "O", "O", "O", "O", "O", "O", "O", "O", "O", "O", "O", "O", "O", "O", "O", "O", "O", "O", "O", "O", "O", "O", "O", "O", "O", "O", "O", "O", "O", "O", "O", "O", "O", "O", "O", "O", "O", "O", "O", "O", "O", "O", "O", "O", "O", "O", "O", "O", "O", "O", "O", "O", "O", "O", "O", "O", "O", "O", "O", "O", "O", "O", "O", "O", "O", "O", "O", "O", "O", "O", "O", "O", "O", "O", "O", "O", "O", "O", "O", "O", "O", "O", "O", "O", "O", "O", "O", "O", "O", "O", "O", "O", "O", "O", "O", "O", "O", "O", "O", "O", "O", "O", "O", "O", "O", "O", "O", "O", "O", "O", "O", "O", "O", "O", "O", "O", "O", "O", "O", "O", "O", "O", "O", "O", "O", "O", "O", "O", "O", "O", "O", "O", "O", "O", "O", "O", "O", "O", "O", "O", "O", "O", "O", "O", "O", "O", "O", "O", "O", "O", "O", "O", "O", "O", "O", "O", "O", "O", "O", "O", "O", "O", "O", "O", "O", "O", "O", "O", "O", "O", "O", "O", "O", "O", "O", "O", "O", "O", "O", "O", "O", "O", "O", "O", "O", "O", "O", "O", "O", "O", "O", "O", "O", "O", "O", "O", "O", "O", "O", "O", "O", "O"]}
{"words": ["te", "weeten", "des", "gevangens", "vrijwillige", "Confessie", "selt", "van", "een", "oog", "getuijgen", ",", "in", "het", "Corpus", "delieti", "aen", "UEd", ":", "e", "achtb", "=", "re", "des", "gevangens", "misdaed", "en", "diefstal", "met", "gestelt", "en", "breuke", "aangetoont", "h", "bende", "soo", "staat", "hier", "Eenlijk", "maar", "te", "besien", "wat", "straffe", "hij", "gevangen", "daer", "over", "naar", "ten", "en", "Costuijmen", "deeser", "landen", "heeft", "verdiend", "de", "straffe", "van", "diefte", "is", "al", "te", "gemeen", "om", "me", "vele", "regtsgeleerde", "beweesen", "te", "moeten", "werden", "Namentlijk", "arbitrair", ",", "dog", "veele", "saeken", "sijnd", "dewelke", "een", "diefstal", "met", "de", "dood", "doen", "straff", "en", "om", "alle", "deselve", "niet", "alle", "aan", "te", "haelen", ",", "soo", "sal", "den", "Eijscher", "die", "gene", "maer", "aantoon", "dewelke", "in", "Cas", "subject", "plaets", "hebbe", ",", "te", "weeten", "voor", "eerst", ",", "soo", "de", "dieste", "is", "vermengt", "met", "hun", "braak", "en", "gewelt", ",", "ende", "dan", "wort", "deselve", "voor", "de", "Eerste", "reijs", "met", "de", "dood", "gestraft", ",", "gelijk", "sulks", "te", "sien", "is", ",", "bij", "alle", "regtsgeleerde", "in", "t", "Generael", ",", "en", "bij", "de", "placcaten", "van", "onse", "Lande", "v", "den", "15", "december", "1595", "art", ":", ".", "11", ".", "den", "19", "Julij", "1601", "en", "dan", "het", "placcaat", "van", "den", "Jaere", "1614", "den", "en", "17", "September", "art", ":", "l", "2", "welke", ",", "drie", "placcaten", "uijtdrukkelijk", "in", "die", "articuls", "segge", "bij", "na", "deselve", "woorden", ".", "Maar", "soo", "veel", "de", "divers", "aangaet", "die", "met", "gewelt", "of", "huijsbra", "#", "geschieden", ",", "of", "anders", "sulks", "als", "vooren", "qualificeert", "sijn", ",", "hebben", "wij", "geordonneert", "ende", "gestatueert", ",", "ordonneere", "en"], "events": ["O", "O", "O", "O", "O", "O", "O", "O", "O", "O", "O", "O", "O", "O", "O", "O", "O", "O", "O", "O", "O", "O", "O", "O", "O", "O", "O", "O", "O", "O", "O", "O", "O", "O", "O", "O", "O", "O", "O", "O", "O", "O", "O", "O", "O", "O", "O", "O", "O", "O", "O", "O", "O", "O", "O", "O", "O", "O", "O", "O", "O", "O", "O", "O", "O", "O", "O", "O", "O", "O", "O", "O", "O", "O", "O", "O", "O", "O", "O", "O", "O", "O", "O", "O", "O", "O", "O", "O", "O", "O", "O", "O", "O", "O", "O", "O", "O", "O", "O", "O", "O", "O", "O", "O", "O", "O", "O", "O", "O", "O", "O", "O", "O", "O", "O", "O", "O", "O", "O", "O", "O", "O", "O", "O", "O", "O", "O", "O", "O", "O", "O", "O", "O", "O", "O", "O", "O", "O", "O", "O", "O", "O", "O", "O", "O", "O", "O", "O", "O", "O", "O", "O", "O", "O", "O", "O", "O", "O", "O", "O", "O", "O", "O", "O", "O", "O", "O", "O", "O", "O", "O", "O", "O", "O", "O", "O", "O", "O", "O", "O", "O", "O", "O", "O", "O", "O", "O", "O", "O", "O", "O", "O", "O", "O", "O", "O", "O", "O", "O", "O", "O", "O", "O", "O", "O", "O", "O", "O", "O", "O", "O", "O", "O", "O", "O", "O", "O", "O", "O", "O", "O", "O", "O", "O", "O", "O", "O", "O", "O", "O", "O", "O", "O", "O", "O"]}
{"words": ["statueeren", "mits", "deesen", ",", "dat", "so", ",", "wie", "bevonden", "sal", "worden", ",", "sodaenige", "gequalificeerde", "dievereijen", "gecommitteert", "ofte", "imand", "het", "sijne", "afgedwongen", "te", "hebben", ",", "'t", ",", "sij", "op", "'s", "Heere", "straete", "ofte", "weegen", ",", "in", "huijs", "of", "andere", "plaatsen", ".", "Item", "die", "gene", "die", "bevonden", "sal", "worden", "met", "opbreekinge", "van", "huijsen", ",", "winkelen", ",", "pakhuijsen", ",", "scheepen", "of", "andere", "besloote", "plaetsen", "ofte", "Erven", ",", "imand", "het", "sijne", "benoomen", "te", "hebben", ",", "sonder", "eenige", "Conniventie", "of", "simulatie", "gestraft", "sal", "werde", "met", "de", "koord", "ofte", "anders", ",", "swaerder", "naer", "Exigentie", "van", "saeken", ",", "sulks", "dat", "er", "in", "alle", "gevalle", "de", "dood", "naar", "volgt", ",", "met", "confiscatie", "van", "goederen", ",", "sonder", "eenige", "verschooning", ",", "toe", "te", "laeten", ",", "of", "sij", "van", "haar", "Eerste", "of", "meer", "dievereijen", "werden", "agterhaelt", ",", "ende", "of", "sij", "deuren", "venster", "dak", "glaesen", "ofte", "eenig", "onsterker", "gedeelte", "van", "huijsen", "opengebrooken", "doorboort", "ofte", "doorgraven", "mogte", "hebben", "ofte", "dat", "het", "een", "land", "huijs", "een", "vervalle", "ofte", "onsterk", "huijs", "mogte", "weesen", ";", "in", "Cas", "subject", "is", "een", "venster", "door", "het", "breeken", "van", "een", "ruijt", "open", "gedaen", ",", "en", "daar", "door", "is", "deese", "gauw", "dief", "in", "geklommen", ",", "en", "heeft", "daar", "nogmaels", "met", "gestelt", "een", "Lessenaer", "op", "en", "gebrooken", ",", "sijnde"], "events": ["O", "O", "O", "O", "O", "O", "O", "O", "O", "O", "O", "O", "O", "O", "O", "O", "O", "O", "O", "O", "O", "O", "O", "O", "O", "O", "O", "O", "O", "O", "O", "O", "O", "O", "O", "O", "O", "O", "O", "O", "O", "O", "O", "O", "O", "O", "O", "O", "O", "O", "O", "O", "O", "O", "O", "O", "O", "O", "O", "O", "O", "O", "O", "O", "O", "O", "O", "O", "O", "O", "O", "O", "O", "O", "O", "O", "O", "O", "O", "O", "O", "O", "O", "O", "O", "O", "O", "O", "O", "O", "O", "O", "O", "O", "O", "O", "O", "O", "O", "O", "O", "O", "O", "O", "O", "O", "O", "O", "O", "O", "O", "O", "O", "O", "O", "O", "O", "O", "O", "O", "O", "O", "O", "O", "O", "O", "O", "O", "O", "O", "O", "O", "O", "O", "O", "O", "O", "O", "O", "O", "O", "O", "O", "O", "O", "O", "O", "O", "O", "O", "O", "O", "O", "O", "O", "O", "O", "O", "O", "O", "O", "O", "O", "O", "O", "O", "O", "O", "O", "O", "O", "O", "O", "O", "O", "O", "O", "O", "O", "O", "O", "O", "O", "O", "O", "O", "O", "O", "O", "O", "O", "O", "O", "O", "O", "O", "O"]}
{"words": ["het", "geen", "de", "geringste", "verschooning", ",", "dat", "hij", "in", "han", "sinde", "geweest", "niet", "van", "buijten", "is", "ingebrooken", ";", "al", "soo", "dit", "geval", "volgens", "oordaeel", "van", "den", "Eijschernog", "swaerder", "is", ",", "om", "dat", "hij", "dus", "doende", "binnen", "si", "beeter", "occagie", "heeft", "om", "syn", "feijt", "stilletjes", "uijt", ",", "te", "voeren", ",", "als", "andere", "die", "van", "buijten", "koomen", ",", "buijten", "en", "behalven", "dat", "die", "placcaeten", "geen", "onders", "maeken", "of", "de", "braeke", "van", "buijten", ",", "ofte", "van", "binne", "geschiet", ",", "maer", "alleen", "het", "gewelt", "en", "breuke", "regu", "reeren", "om", "de", "dood", "straffe", "te", "Infligeeren", ";", "en", "bohier", "gevangen", "het", "nog", ",", "dan", "vens", "dien", "beswaert", "den", "hij", "als", "een", "huijsgenoot", "en", "slaeff", ",", "die", "diefstal", "me", "seggende", "mede", "alle", "regtsge", "gewelt", "heeft", "begaen", ";", "leerde", ",", "dat", "een", "dief", "dewelke", "een", "mede", "huijsgent", "is", ",", "swaerder", "moet", "gestraft", "worden", "als", "een", "buijt", "rief", ",", "om", "dat", "seggen", "sijlieden", "men", "sig", "soo", "wel", "niet", "wagten", "kan", "voor", "een", "huijsgenoot", "dewelke", "weet", ",", "waar", "een", "huijsheer", "alles", "verbergt", ",", "kan", "waeren", "als", "wel", "voor", "een", "dief", "van", "buijten", ",", "den", "ke", "nog", "weet", "waer", "dat", "imand", "sijne", "praesieuste", "deren", "bewaart", "nogte", "op", "wat", "weijze", "imand", "gewt", "is", ",", "sijn", "kamer", ",", "Venster", "of", "kassen", ",", "of", "kisten", "te", "gelijk", "een", "huijsgenoot", "sluijten", "ofte", "verseekeren", ",", "off", "slaef", ",", "dewelke", "men", "altemet", "genoodsaekt", "t", "hulpe", "meede", "te", "nemen", "is", ",", "om", "het", "een", "of", "ander", "uijt", "kisten", ",", "Lessenaeren", "of", "kassen", "te", "haelen", "64", "dat", "de", "dieven", "huijsgenooten", "sijnde", "swaerder", "andere", ",", "en", "voor", "de", "eerste", "reijs", "met", "de", "dood", "mo"], "events": ["O", "O", "O", "O", "O", "O", "O", "O", "O", "O", "O", "O", "O", "O", "O", "O", "O", "O", "O", "O", "O", "O", "O", "O", "O", "O", "O", "O", "O", "O", "O", "O", "O", "O", "O", "O", "O", "O", "O", "O", "O", "O", "O", "O", "O", "O", "O", "O", "O", "O", "O", "O", "O", "O", "O", "O", "O", "O", "O", "O", "O", "O", "O", "O", "O", "O", "O", "O", "O", "O", "O", "O", "O", "O", "O", "O", "O", "O", "O", "O", "O", "O", "O", "O", "O", "O", "O", "O", "O", "O", "O", "O", "O", "O", "O", "O", "O", "O", "O", "O", "O", "O", "O", "O", "O", "O", "O", "O", "O", "O", "O", "O", "O", "O", "O", "O", "O", "O", "O", "O", "O", "O", "O", "O", "O", "O", "O", "O", "O", "O", "O", "O", "O", "O", "O", "O", "O", "O", "O", "O", "O", "O", "O", "O", "O", "O", "O", "O", "O", "O", "O", "O", "O", "O", "O", "O", "O", "O", "O", "O", "O", "O", "O", "O", "O", "O", "O", "O", "O", "O", "O", "O", "O", "O", "O", "O", "O", "O", "O", "O", "O", "O", "O", "O", "O", "O", "O", "O", "O", "O", "O", "O", "O", "O", "O", "O", "O", "O", "O", "O", "O", "O", "O", "O", "O", "O", "O", "O", "O", "O", "O", "O", "O", "O", "O", "O", "O", "O", "O", "O", "O", "O", "O", "O", "O", "O", "O", "O", "O", "O", "O", "O", "O", "O", "O", "O", "O", "O", "O", "O", "O", "O", "O", "O", "O", "O", "O", "O", "O", "O", "O", "O", "O", "O"]}
{"words": ["worden", ",", "kan", "gesien", "werden", "Eerst", "in", "een", "uijt", "rechts", "placcaet", "Rub", ":", "39", ".", "art", "\u201e", "s", "4", ".", "voort", "bij", "anth", ":", "math", ".", "de", "Crim.", "tit", "de", "furtis", "Capite", "3", "N", ":o", "2", ".", "bij", "carp", "Tov", ":", "part", "2", "quast", "82", "nom", ":", "55", ".", "56", ".", "57", ".", "pil", ":", "Claer", "L.", "5", ":", "sent", ".", "par", ".", "furtum", "Num", ":", "22", "Joh", ".", "harop", "in", "par", "hi", "qui", "in", "parentum", "12", "n.", "10", "inst", ":", "de", "obl", ":", "qua", ":", "er", ":", "de", ":", "nat", "antsaber", "in", "Cod", ":", "l", ":", "g.", "tit", "de", "pan", ":", "defin", ":", "Cap", "2", "n", "1", ".", "Joost", "Damhouder", "in", "prax", "Crim", "Cap", "11", "n", ":", "41", ".", "Van", "slaeve", "dient", "die", "diefstal", "voor", "al", "in", "de", "alterhoogste", "graet", "in", "deese", "landen", "genoomen", "te", "werden", ",", "voor", "eerst", "om", "dat", "imand", "hier", "in", "het", "land", "naer", "buijten", "gaande", "om", "sijne", "goederen", "ofte", "vee", "gaade", "te", "slaan", ",", "Noodwendig", "verpligt", "is", ",", "sijn", "huijs", "en", "dies", "besorging", "over", "te", "laeten", ",", "altemet", "aan", "maar", "een", "eenige", "slave", "Jonge", ",", "dewelke", "hij", "dan", "ook", "stilswygende", "al", "syn", "goed", "en", "gelt", "toebetrouwdt", ",", "soo", "dat", "soo", "een", "diefstal", "meede", "moet", "geconsidereert", "worden", ",", "als", "van", "vertrouwde", "goederen", ",", "indien", "so", "een", "jongen", "die", "weet", "in", "wat", "kaemer", "en", "waar", "syn", "heer", "syn", "goed", "verbergt", "niet", "soo", "swaar", "gestraft", "wierd", ",", "wanneer", "hij", "een", "kamer", ",", "venster", "deur", "of", "iets", "anders", "dat", "beslooten", "is", "in", "sijn", "Lijfheers", "huijs", "op", "enbreekt", ",", "en", "daar", "alles", "uijt", "steelt", "als", "een", "dief", "van", "buijten", "daer", "men", "sig", "voor", "wagten", "kan", ",", "soo", "is", "men", "in", "dese", "Lande", "nooijt", "sekuur", ",", "algaet", "men", "des", "avonds", "om", "imand", "te"], "events": ["O", "O", "O", "O", "O", "O", "O", "O", "O", "O", "O", "O", "O", "O", "O", "O", "O", "O", "O", "O", "O", "O", "O", "O", "O", "O", "O", "O", "O", "O", "O", "O", "O", "O", "O", "O", "O", "O", "O", "O", "O", "O", "O", "O", "O", "O", "O", "O", "O", "O", "O", "O", "O", "O", "O", "O", "O", "O", "O", "O", "O", "O", "O", "O", "O", "O", "O", "O", "O", "O", "O", "O", "O", "O", "O", "O", "O", "O", "O", "O", "O", "O", "O", "O", "O", "O", "O", "O", "O", "O", "O", "O", "O", "O", "O", "O", "O", "O", "O", "O", "O", "O", "O", "O", "O", "O", "O", "O", "O", "O", "O", "O", "O", "O", "O", "O", "O", "O", "O", "O", "O", "O", "O", "O", "O", "O", "O", "O", "O", "O", "O", "O", "O", "O", "O", "O", "O", "O", "O", "O", "O", "O", "O", "O", "O", "O", "O", "O", "O", "O", "O", "O", "O", "O", "O", "O", "O", "O", "O", "O", "O", "O", "O", "O", "O", "O", "O", "O", "O", "O", "O", "O", "O", "O", "O", "O", "O", "O", "O", "O", "O", "O", "O", "O", "O", "O", "O", "O", "O", "O", "O", "O", "O", "O", "O", "O", "O", "O", "O", "O", "O", "O", "O", "O", "O", "O", "O", "O", "O", "O", "O", "O", "O", "O", "O", "O", "O", "O", "O", "O", "O", "O", "O", "O", "O", "O", "O", "O", "O", "O", "O", "O", "O", "O", "O", "O", "O", "O", "O", "O", "O", "O", "O", "O", "O", "O", "O", "O", "O", "O", "O", "O", "O", "O", "O", "O", "O", "O", "O", "O", "O", "O", "O", "O", "O", "O", "O", "O", "O", "O", "O", "O", "O", "O", "O", "O", "O", "O", "O", "O", "O", "O"]}
{"words": ["besoeken", "maar", "eens", "uijt", ",", "ja", "selfs", "over", "dag", "om", "sijne", "affaires", "te", "verrigten", ",", "Nog", "moet", "een", "diefstal", "van", "een", "slaaf", "teegens", "sijn", "meester", "el", "waar", "der", "werden", "aangemerkt", "als", "een", "diefstal", "van", "v", "vreemde", "begaan", ",", "om", "dat", "alle", "feijten", "dewelke", "slaven", "tegens", "haar", "meesters", "bedrijven", "swaer", "gestraft", "worden", "gelijk", "blijkt", "uijt", "de", "statute", "van", "Jndia", ",", "volgens", "dewelke", "een", "slaaf", "die", "sijn", "hand", "maar", "opligt", "teegens", "sijn", "meester", "sonder", "hem", "te", "grieven", "ofte", "te", "slaan", "sonder", "genade", "met", "de", "dood", "word", "gestraft", ",", "hebbende", "den", "gevangen", "niets", "tot", "sijn", "verschooning", "in", "te", "brenge", "om", "welke", "alle", "boven", "aangehaelde", "redenen", "d", "Eijscher", "tot", "weeringe", "van", "dusdanige", "delicten", "v", "goed", "regt", "vermeynt", "te", "moeten", "en", "moogen", "cludeeren", "gelijk", "doet", "bij", "deesen", ".", "Concludeert", "dat", "den", "gep", "gen", "en", "ged", ":", "e", "in", "deesen", ",", "door", "de", "finitive", "vonnisse", "van", "UEd", ",", "e", "de", "mag", "werden", "gecondemneert", "on", "me", "gebragt", "te", "werden", "ter", "plaa", "se", "daar", "men", "alhier", "gewoon", "crimineele", "sententien", "te", "execuren", "en", "aldaer", "den", "scherprecht", "overgelevert", "sijnde", ",", "met", "de", "kon", "de", "aan", "de", "galg", "gestraft", "te", "werden", ",", "dat", "er", "de", "dood", "na", "vr"], "events": ["O", "O", "O", "O", "O", "O", "O", "O", "O", "O", "O", "O", "O", "O", "O", "O", "O", "O", "O", "O", "O", "O", "O", "O", "O", "O", "O", "O", "O", "O", "O", "O", "O", "O", "O", "O", "O", "O", "O", "O", "O", "O", "O", "O", "O", "O", "O", "O", "O", "O", "O", "O", "O", "O", "O", "O", "O", "O", "O", "O", "O", "O", "O", "O", "O", "O", "O", "O", "O", "O", "O", "O", "O", "O", "O", "O", "O", "O", "O", "O", "O", "O", "O", "O", "O", "O", "O", "O", "O", "O", "O", "O", "O", "O", "O", "O", "O", "O", "O", "O", "O", "O", "O", "O", "O", "O", "O", "O", "O", "O", "O", "O", "O", "O", "O", "O", "O", "O", "O", "O", "O", "O", "O", "O", "O", "O", "O", "O", "O", "O", "O", "O", "O", "O", "O", "O", "O", "O", "O", "O", "O", "O", "O", "O", "O", "O", "O", "O", "O", "O", "O", "O", "O", "O", "O", "O", "O", "O", "O", "O", "O", "O", "O", "O", "O", "O", "O", "O", "O", "O", "O", "O", "O", "O", "O", "O", "O", "O", "O", "O", "O", "O", "O", "O", "O", "O", "O"]}
{"words": ["Voorts", "'t", "doode", "Lichaam", "naar", "'t", "buijten", "geregt", "gebragt", ",", "en", "aldaer", "weder", "aan", "de", "galge", "op", "gehangen", "te", "werden", "ten", "prooije", "van", "de", "Lugt", "en", "voogelen", "des", "Heemels", ",", "verder", "in", "de", "kosten", "en", "misen", "van", "Justitie", ",", "ofte", ",", "tot", "alsulken", "fine", "als", "'t", "UEd", "achtbre", ".", "sullen", "vinden", "te", "behooren", "(:", "was", "getekent", ":)", "D", ":", "V", ":", "D", ":", "Henghel", "(:", "in", "margine", ":)", "Exhibitum", "In", "Judicio", "Den", "3:e", "meij", "1736", ".", "\u2014", "Accordeert"], "events": ["O", "O", "O", "O", "O", "O", "O", "O", "O", "O", "O", "O", "O", "O", "O", "O", "O", "O", "O", "O", "O", "O", "O", "O", "O", "O", "O", "O", "O", "O", "O", "O", "O", "O", "O", "O", "O", "O", "O", "O", "O", "O", "O", "O", "O", "O", "O", "O", "O", "O", "O", "O", "O", "O", "O", "O", "O", "O", "O", "O", "O", "O", "O", "O", "O", "O", "O", "O", "O", "O", "O", "O", "O", "O", "O", "O", "O", "O"]}
{"words": ["\u201e", "de", "grandpreez"], "events": ["O", "O", "O"]}
{"words": ["Compareerde", "voor", "ons", "onderget", ":", "gecommitt", ":", "s", "uijt", "den", "E", ":", "agtb", ":", "re", "Raad", "van", "Justitie", "des", "Casteels", "De", "goede", "Hoop", "January", "Van", "Bengalen", ",", "slaaf", "van", "den", "soldaat", "Christoffel", "Fabricius", "oud", "naar", "gissing", "17", "jaaren", ",", "dewelke", "ter", "requisitie", "van", "den", "Heer", "Indepena", ":", "t", "fiscaal", "Mr.", "Daniel", "Van", "Den", "Henghel", "Confesseerde", "hoe", "waar", "is", ".", "\u2014", "dat", "sijn", "lijfheer", "verleeden", "dingsdag", "synde", "geweest", "den", "23", ":", "'", "deeser", "loop", "ende", "maand", "April", "des", "morgens", "naer", "buijten", "gereeden", "sijnde", ",", "hij", "Consesst", "die", "nevens", "den", "slaaf", "Mertsh", "alleenig", "thuijs", "was", "gebleven", ",", "op", "den", "middag", "een", "stoel", "genoomen", ",", "en", "tegens", "'t", "venster", "van", "de", "Caamer", "geset", "hebbende", ",", "daar", "op", "is", "geklommen", ",", "en", "een", "ruijt", "uijt", "de", "raem", "gebrooken", "hebbende", ",", "heeft", "hij", "Confess", ":", "t", "'t", "venster", "op", "en", "gedaen", ",", "waar", "door", "hij", "Confess", "=", "t", "in", "die", "Caamer", "ging", ",", "breekende", "vervolgens", "met", "een", "kleijn", "kap", "mes", "een", "daer", "staande", "Lessenaer", ",", "waar", "in", "hij", "Confesst", "wist", "dat", "sijn", "sinjeur", "sijn", "gela", "bewaarden", "op", "en", ";", "uijt", "welke", "Lessenaer", "hij", "Confess", ":", "t", "vervolgens", "nan", "al", "'t", "geld", "en", "de", "goude", "ringen", "hem", "heeden", "vertoont", ",", "dat", "terwijl", "hij", "Confesst", "daar", "mede", ",", "doende", "was", ",", "bovengen", ":", "slaaf", "Mertsch", "uijt", "'t", "huijs", "naar", "de", "bier", "schaggereij", "is", "gegaen", "om", "'t", "geen", "hij", "Confesst", "bedreeven", "had", "te", "seggen", ","], "events": ["O", "O", "O", "O", "O", "O", "O", "O", "O", "O", "O", "O", "O", "O", "O", "O", "O", "O", "O", "O", "O", "O", "O", "O", "O", "O", "O", "O", "O", "O", "O", "O", "O", "O", "O", "O", "O", "O", "O", "O", "O", "O", "O", "O", "O", "O", "O", "O", "O", "O", "O", "O", "O", "O", "O", "O", "O", "O", "O", "O", "O", "O", "O", "O", "O", "O", "O", "O", "O", "O", "O", "O", "O", "O", "O", "O", "O", "O", "O", "O", "O", "O", "O", "O", "O", "O", "O", "O", "O", "O", "O", "O", "O", "O", "O", "O", "O", "O", "O", "O", "O", "O", "O", "O", "O", "O", "O", "O", "O", "O", "O", "O", "O", "O", "O", "O", "O", "O", "O", "O", "O", "O", "O", "O", "O", "O", "O", "O", "O", "O", "O", "O", "O", "O", "O", "O", "O", "O", "O", "O", "O", "O", "O", "O", "O", "O", "O", "O", "O", "O", "O", "O", "O", "O", "O", "O", "O", "O", "O", "O", "O", "O", "O", "O", "O", "O", "O", "O", "O", "O", "O", "O", "O", "O", "O", "O", "O", "O", "O", "O", "O", "O", "O", "O", "O", "O", "O", "O", "O", "O", "O", "O", "O", "O", "O", "O", "O", "O", "O", "O", "O", "O", "O", "O", "O", "O", "O", "O", "O", "O", "O", "O", "O", "O", "O", "O", "O", "O", "O", "O", "O", "O", "O", "O", "O", "O", "O"]}
{"words": ["dat", "toen", "hij", "Mertsch", "te", "rug", "was", "gekom", "hij", "Confesst", "hem", "de", "helfte", "van", "'t", "gestoolen", "geld", "heeft", "gegeven", ",", "gaande", "daar", "naar", "te", "so", "men", "uijt", "den", "huijse", ",", "en", "eeventjes", "op", "straat", "gekomen", "sijnde", ",", "heeft", "den", "meergem", ":", "slaaf", "mertsch", "hem", "Confess", ":", "'t", "gelt", "weer", "gegeven", ",", "da", "hy", "neevens", "alle", "'t", "andere", "gestoolene", "goed", "in", "een", "neus", "doek", "bond", ",", "gaande", "vervolgens", "met", "hun", "beijde", "in", "een", "schaggerije", "alwaar", "wijn", "drinkende", ",", "door", "'t", "rammelen", "van", "t", "gu", "in", "sijn", "Confess", ":", "ts", "sak", "ondekt", "wierden", "en", "vo", "volgens", "gevangen", "genoomen", ".", "\u2014", "Betuijgende", "hij", "Confesst", ":", "ten", "Laatsten", "dat", "hi", "booven", "gen.", "Lessenaer", "alleen", ",", "en", "sonder", "be", "hulp", "van", "den", "Slaaf", "Mertsz", "heeft", "op", "gebrooken", ".", "\u2014", "Aldus", "geconfesseert", "aan", "Cabo", "De", "Goede", "Stoof", "in", "de", "duijtsche", "taal", "die", "hij", "Confesst", "wel", "spreekt", "ende", "ver", "staat", "den", "27", "april", "1736", ".", "/:was", "getekent://", "/:en", "daarom", "gesz", ":", "(", "dit", "is", "'t", "merk", "van", "Januarij", "/:Lager:/", "Mij", "Present", "/:is", "getekent:/", "J", ":", "s", "de", "Granapreez", "secret.s", "/:in", "margine:/", "als", "gecommitt", ":", "/", ":", "en", "getekent:/", "R", "Tulbagh", "en", "I", ":", "s", "moller", "Recollement", ".", "Compareerde", "voor", "ons", "onderg", "gecommitt", ":", "s", "uijt", "den", "E", ":", "agtb", ":", "re", "Raad", "van", "Justitie", "des", "Casteels", "de", "goede", "Hoop", "den", "Staaf", "Janua", "van", "Bengalen", ",", "dewelke", "deese", "sijne", "gegeve", "consit"], "events": ["O", "O", "O", "O", "O", "O", "O", "O", "O", "O", "O", "O", "O", "O", "O", "O", "O", "O", "O", "O", "O", "O", "O", "O", "O", "O", "O", "O", "O", "O", "O", "O", "O", "O", "O", "O", "O", "O", "O", "O", "O", "O", "O", "O", "O", "O", "O", "O", "O", "O", "O", "O", "O", "O", "O", "O", "O", "O", "O", "O", "O", "O", "O", "O", "O", "O", "O", "O", "O", "O", "O", "O", "O", "O", "O", "O", "O", "O", "O", "O", "O", "O", "O", "O", "O", "O", "O", "O", "O", "O", "O", "O", "O", "O", "O", "O", "O", "O", "O", "O", "O", "O", "O", "O", "O", "O", "O", "O", "O", "O", "O", "O", "O", "O", "O", "O", "O", "O", "O", "O", "O", "O", "O", "O", "O", "O", "O", "O", "O", "O", "O", "O", "O", "O", "O", "O", "O", "O", "O", "O", "O", "O", "O", "O", "O", "O", "O", "O", "O", "O", "O", "O", "O", "O", "O", "O", "O", "O", "O", "O", "O", "O", "O", "O", "O", "O", "O", "O", "O", "O", "O", "O", "O", "O", "O", "O", "O", "O", "O", "O", "O", "O", "O", "O", "O", "O", "O", "O", "O", "O", "O", "O", "O", "O", "O", "O", "O", "O", "O", "O", "O", "O", "O", "O", "O", "O", "O", "O", "O", "O", "O", "O", "O", "O", "O", "O", "O", "O", "O", "O", "O", "O", "O"]}
{"words": ["van", "woord", "tot", "woord", "klaar", "en", "duydelijk", "voor", "gelesen", "sijnde", "verclaarde", "daar", "bij", "volkomen", "te", "persisteren", ",", "niet", "begerende", "over", "sulx", "datter", "iets", "meer", "bijgevoegt", "ofte", "van", "gedaan", "werden", "sal", ";", "als", "alleenig", "dat", "het", "kapmes", "hem", "heeden", "vertoont", "'t", "selve", "is", "daar", "de", "Lessenaer", "mede", "open", "gebrooSien", "heeft", ".", "/onderstond:/", "Aldus", "gerecolleert", "aan", "Cabo", "De", "Goede", "Hoop", "den", "28", "april", "1736", "/:was", "getekent:/", "t", "/", ":", "en", "daarom", "gesr:/", "dit", "is", "'t", "merk", "van", "Januarij", "/:Lager:/", "Mij", "Present", "/", ":", "is", "getekent:/", "I", ":", "s", "de", "Granapreez", "secret", ":", "s", "/:in", "margine:/", "als", "gecommitt", ":", "/", ":", "en", "getekent/", "H", ":", "k", "Swellengrebel", "en", "R", ":", "k", "Tulbagh", ".", "\u2014"], "events": ["O", "O", "O", "O", "O", "O", "O", "O", "O", "O", "O", "O", "O", "O", "O", "O", "O", "O", "O", "O", "O", "O", "O", "O", "O", "O", "O", "O", "O", "O", "O", "O", "O", "O", "O", "O", "O", "O", "O", "O", "O", "O", "O", "O", "O", "O", "O", "O", "O", "O", "O", "O", "O", "O", "O", "O", "O", "O", "O", "O", "O", "O", "O", "O", "O", "O", "O", "O", "O", "O", "O", "O", "O", "O", "O", "O", "O", "O", "O", "O", "O", "O", "O", "O", "O", "O", "O", "O", "O", "O", "O", "O", "O", "O", "O", "O", "O", "O", "O", "O", "O", "O", "O", "O", "O", "O", "O", "O", "O", "O", "O"]}
{"words": ["Accordeert", "P", "\u201e", "r", "de", "grandpreel"], "events": ["O", "O", "O", "O", "O", "O"]}
{"words": ["Compareerde", "voor", "ons", "ondergesz", ":", "gecommitt", ":", "s", "uijt", "den", "E", ":", "agtb", ":", "re", "raad", "van", "Justetie", "des", "Casteels", "de", "goede", "Hoop", "Mertsch", "van", "de", "cust", "Cormandel", "oud", "20", "Jaaren", ",", "slaaf", "van", "den", "soldaat", "Christoffel", "Fabricius", ",", "dewelke", "ter", "requisitie", "van", "den", "Heer", "Jndepent", ".", "fiscaal", "Mr", "Daniel", "Van", "Den", "Henghel", ",", "Confisseerde", "hoe", "waar", "is", ".", "dat", "over", "wijnige", "dagen", "geleden", ",", "terwijl", "sijn", "Leijfheer", "buijten", "was", ",", "den", "slaaf", "Januarij", "sijn", "baas", "mede", "toebehoorende", ",", "hem", "Confess", ":", "t", "heeft", "versogt", "of", "hij", "hem", "helpen", "woude", "de", "Lessenaer", "van", "sijn", "sinjeur", "op", "en", "te", "breeken", ",", "dat", "hij", "Confest", ":", "t", "daar", "op", "neen", "gesegt", "hebbende", ",", "dien", "slaaf", "Januarij", "des", "voormiddags", "om", "elf", "uuren", "op", "een", "stoel", "is", "geklommen", "en", "een", "ruijt", "uijt", "de", "raam", "genomen", "hebbende", "heeft", "hij", "Januarij", "vervolgens", "'t", "venster", "open", "gedaan", ";", "waar", "door", "hij", "in", "de", "Camer", "ging", ",", "breekende", "vervolgens", "met", "een", "ijser", "een", "daar", "in", "sijnde", "Lessenaar", "open", ",", "waar", "uijt", "hij", "Januarij", "gestoolen", "heeft", "een", "parthij", "gelt", "en", "goude", "ringen", ",", "hem", "Confess.t", "heeden", "vertoont", ",", "welke", "geld", "en", "goude", "ringen", ",", "dien", "staaf", "Januarij", "aan", "hem", "Confess", ":", "t", "voor", "'t", "venster", "staende", "woude", "overgeven", ",", "dog", "in", "steede", "van", "'t", "een", "en", "'t", "ander", "te", "ontfangen", ",", "is", "hij", "Confess", "uijt", "'t", "6", "huijs", "weg", "geloopen", ",", "en", "heeft", "'t", "feijt", "aan", "een"], "events": ["O", "O", "O", "O", "O", "O", "O", "O", "O", "O", "O", "O", "O", "O", "O", "O", "O", "O", "O", "O", "O", "O", "O", "O", "O", "O", "O", "O", "O", "O", "O", "O", "O", "O", "O", "O", "O", "O", "O", "O", "O", "O", "O", "O", "O", "O", "O", "O", "O", "O", "O", "O", "O", "O", "O", "O", "O", "O", "O", "O", "O", "O", "O", "O", "O", "O", "O", "O", "O", "O", "O", "O", "O", "O", "O", "O", "O", "O", "O", "O", "O", "O", "O", "O", "O", "O", "O", "O", "O", "O", "O", "O", "O", "O", "O", "O", "O", "O", "O", "O", "O", "O", "O", "O", "O", "O", "O", "O", "O", "O", "O", "O", "O", "O", "O", "O", "O", "O", "O", "O", "O", "O", "O", "O", "O", "O", "O", "O", "O", "O", "O", "O", "O", "O", "O", "O", "O", "O", "O", "O", "O", "O", "O", "O", "O", "O", "O", "O", "O", "O", "O", "O", "O", "O", "O", "O", "O", "O", "O", "O", "O", "O", "O", "O", "O", "O", "O", "O", "O", "O", "O", "O", "O", "O", "O", "O", "O", "O", "O", "O", "O", "O", "O", "O", "O", "O", "O", "O", "O", "O", "O", "O", "O", "O", "O", "O", "O", "O", "O", "O", "O", "O", "O", "O", "O", "O", "O", "O", "O", "O", "O", "O", "O", "O", "O", "O", "O", "O", "O", "O", "O", "O", "O", "O", "O", "O", "O", "O"]}
{"words": ["van", "de", "buurlieden", "bekent", "gemaakt", ",", "die", "hij", "fess", ":", "nog", "wel", "soude", "kennen", ".", "\u2014", "Dat", "toen", "hij", "Confess", ":", "t", "te", "rug", "was", "gekomen", "geslaaf", "Januarij", "uijt", "den", "huijse", "is", "weg", "gege", "en", "hij", "Confesst", "hem", "agter", "na", "geloopen", ",", "om", "^", "te", "sien", "waar", "hij", "met", "'t", "geld", "ging", ",", "en", "dien", "Jan", "rij", "in", "een", "shaggereij", "siende", "ingaan", ",", "is", "hij", "Co", "sess", ":", "t", "daar", "mede", "ingegaan", ",", "drinkende", ",", "daer", "to", "plaatse", "uijt", "vrees", "voor", "den", "slaaf", "Januarija", "Coopje", ",", "komende", "daar", "op", "in", "de", "kamer", "de", "baa", "van", "'t", "huijs", "aan", "wien", "hij", "Confess", ".", "met", "teken", "te", "kennen", "gaf", "dat", "Januarij", "een", "Lessenaer", "gebrooken", "en", "daar", "uijt", "geld", "gestoolen", "had", "Aldus", "bij", "vertolking", "van", "de", "slaaf", "Cupido", "uijt", "mallabaars", "in't", "nederduijtsch", "geconfesseert", ",", "aan", "Cabo", "De", "goede", "Hoop", "den", "27", ":", "'", "april", "1736", "/:was", "getekent:/", "/", ":", "en", "da", "om", "gesz", ":", "(", "dit", "is", "'t", "merk", "van", "Mertsch", ",", "/:Lager:/", "mij", "pree", "/", ":", "is", "getekent:/", "J", ":", "s", "de", "Grandpreez", "secret", ":", "s", "/:in", "margine:/", "als", "gu", "s", "mitt.", "/", ":", "en", "getekent:/", "R", ":", "r", "Tulbagh", "en", "J", ":", "s", "moller"], "events": ["O", "O", "O", "O", "O", "O", "O", "O", "O", "O", "O", "O", "O", "O", "O", "O", "O", "O", "O", "O", "O", "O", "O", "O", "O", "O", "O", "O", "O", "O", "O", "O", "O", "O", "O", "O", "O", "O", "O", "O", "O", "O", "O", "O", "O", "O", "O", "O", "O", "O", "O", "O", "O", "O", "O", "O", "O", "O", "O", "O", "O", "O", "O", "O", "O", "O", "O", "O", "O", "O", "O", "O", "O", "O", "O", "O", "O", "O", "O", "O", "O", "O", "O", "O", "O", "O", "O", "O", "O", "O", "O", "O", "O", "O", "O", "O", "O", "O", "O", "O", "O", "O", "O", "O", "O", "O", "O", "O", "O", "O", "O", "O", "O", "O", "O", "O", "O", "O", "O", "O", "O", "O", "O", "O", "O", "O", "O", "O", "O", "O", "O", "O", "O", "O", "O", "O", "O", "O", "O", "O", "O", "O", "O", "O", "O", "O", "O", "O", "O", "O", "O", "O", "O", "O", "O", "O", "O", "O", "O", "O", "O", "O", "O", "O", "O", "O", "O", "O", "O", "O", "O", "O", "O", "O", "O", "O", "O", "O", "O", "O", "O", "O", "O", "O", "O", "O", "O", "O", "O", "O", "O", "O", "O"]}
{"words": ["Recollement", ".", "Compareerde", "voor", "ons", "onderg", "gecommitt", ":", "s", "uijt", "den", "E", ":", "agtb", ":", "re", "raad", "van", "Justi", "des", "Casteels", "De", "goede", "Hoop", "den", "slaaf", "Mert", "dewelke", "dese", "sijne", "gegevene", "Confessie", "van", "woor", "tot", "woord", "klaar", "en", "duijdelijk", "voorgelesen", "sijnde", "verclaarde", "daar", "bij", "volkomen", "te", "perso", "ren", ",", "niet", "begerende", "over", "sulx", "datter", "iets", "mee"], "events": ["O", "O", "O", "O", "O", "O", "O", "O", "O", "O", "O", "O", "O", "O", "O", "O", "O", "O", "O", "O", "O", "O", "O", "O", "O", "O", "O", "O", "O", "O", "O", "O", "O", "O", "O", "O", "O", "O", "O", "O", "O", "O", "O", "O", "O", "O", "O", "O", "O", "O", "O", "O", "O", "O", "O", "O"]}
{"words": ["bijgevoegt", "ofte", "van", "gedaan", "werden", "sal", ",", "en", "betuijg", "9de", "in", "'t", "bijweesen", "van", "den", "slaaf", "Januarij", "alle", "te", "'t", "boovenstaande", "de", "suijvere", "waarheijd", "sijn", ",", "gelijk", "ook", "dat", "'t", "kapmes", "hem", "heeden", "vertoont", "'t", "werk", "tuijg", "is", "waar", "mede", "denselven", "Januarij", "de", "bosen", "gen", "Lessenaer", "heeft", "open", "gebrooken", ".", "\u2014", "/:onderstond:/", "Aldus", "bij", "vertolking", "als", "vooren", "gerecolleert", "aan", "Cabo", "De", "Goede", "Hoop", ",", "den", "28", "april", "1736", "/:was", "getekent/", "t", "/:en", "daarom", "gesz:/", "dit", "is", "'t", "merk", "van", "den", "slaaf", "Mertsch", "/:Lager:/", "Mij", "Present", "/:is", "getekent:/", "J", ":", "s", "De", "grandpreez", "secret", ":", "s", "/in", "margine", "/", "als", "gecommitt", ":", "s", "/", ":", "en", ":", "getekent/", "H", ":", "k", "Swellen", "grebel", "en", "R", ":", "Tulbagh", ".", "\u2014"], "events": ["O", "O", "O", "O", "O", "O", "O", "O", "O", "O", "O", "O", "O", "O", "O", "O", "O", "O", "O", "O", "O", "O", "O", "O", "O", "O", "O", "O", "O", "O", "O", "O", "O", "O", "O", "O", "O", "O", "O", "O", "O", "O", "O", "O", "O", "O", "O", "O", "O", "O", "O", "O", "O", "O", "O", "O", "O", "O", "O", "O", "O", "O", "O", "O", "O", "O", "O", "O", "O", "O", "O", "O", "O", "O", "O", "O", "O", "O", "O", "O", "O", "O", "O", "O", "O", "O", "O", "O", "O", "O", "O", "O", "O", "O", "O", "O", "O", "O", "O", "O", "O", "O", "O", "O", "O", "O", "O", "O", "O", "O", "O", "O", "O", "O", "O", "O", "O", "O"]}
{"words": ["P", "\u201e", "r", "de", "grandpreez", "Accordeert", ".", "\u2014"], "events": ["O", "O", "O", "O", "O", "O", "O", "O"]}
{"words": ["Alsoo", "Januarij", "Van", "Bengalen", "staaf", "van", "den", "Soldaat", "Christoffel", "Fabricius", "oud", "naar", "gissing", "17", "Jaaren", ",", "thans", "S", "Heeren", "gevangen", ",", "buijten", "pijn", "ofte", "dwang", "van", "banden", ",", "van", "ysers", ",", "dan", "wel", "de", "minste", "bedrijging", "van", "dien", ",", "vrij", "willig", "heeft", "geconfesseert", ",", "en", "den", "E", ":", "agtb", "=", "re", "Raad", "deeses", "gouvernements", "van", "Justitie", "volkomen", "is", "gebleeken", ".", "\u2014", "Dat", "gem", ":", "Christoffel", "Fabricius", "op", "den", "23", "\u201e", "'", "der", "eer", "en", "gepasseerde", "maand", "April", "des", "morgens", "vroeg", "naar", "buijten", "is", "gereden", ",", "thuijs", "latende", "den", "gevangen", "in", "deesen", ",", "en", "nog", "een", "onnoosele", "baarse", "staaf", ",", "op", "welken", "dag", "den", "gevangen", "des", "voormiddags", "om", "elf", "uuren", "een", "stoel", "heeft", "genoomen", ",", "en", "deselve", "geset", "hebbende", "voor", "'t", "vengC.", "stertje", "van", "een", "klijn", "voorcamer", "van", "sijn", "Lijfheers", "wooninge", ",", "is", "hij", "gevangen", "daar", "op", "geklom", "men", ",", "breekende", "vervolgens", "een", "ruijt", "de", "raam", "en't", "van", "'t", "vengstertje", ",", "en", "'t", "selve", "geopent", "hebbende", ",", "is", "hij", "gevangen", "door", "'t", "geopende", "venster", "in", "die", "kamer", "geklommen", ",", "alwaar", "hij", "met", "een", "klijn", "kapmes", "een", "aldaer", "staande", "Lessenaer", "heeft", "opengebrooken", ",", "waar", "in", "hij", "gevangen", "wist", ",", "dat", "sijn", "Lijfheer", "sijn", "geld", "en", "ander", "goed", ",", "bewaarde", ",", "en", "nam", "hij", "gevangen", "daar", "na", "uijt", "gemelde", "Lessenaer", "vier", "goude", "ringen", ",", "en", "een", "parthij", "gemunt", "geld", ",", "sijnde", "onder", "dies", "bovengen", ":", "baarse", "slaaf", "uijt", "den", "huijse", "naar", "de", "bierschaggereij", "gegaan", ",", "om", "de", "man", "van", "'t", "huijs", "van", "die", "diefstal", "te", "waarschouwen", ";", "aan"], "events": ["O", "O", "O", "O", "O", "O", "O", "O", "O", "O", "O", "O", "O", "O", "O", "O", "O", "O", "O", "O", "O", "O", "O", "O", "O", "O", "O", "O", "O", "O", "O", "O", "O", "O", "O", "O", "O", "O", "O", "O", "O", "O", "O", "O", "O", "O", "O", "O", "O", "O", "O", "O", "O", "O", "O", "O", "O", "O", "O", "O", "O", "O", "O", "O", "O", "O", "O", "O", "O", "O", "O", "O", "O", "O", "O", "O", "O", "O", "O", "O", "O", "O", "O", "O", "O", "O", "O", "O", "O", "O", "O", "O", "O", "O", "O", "O", "O", "O", "O", "O", "O", "O", "O", "O", "O", "O", "O", "O", "O", "O", "O", "O", "O", "O", "O", "O", "O", "O", "O", "O", "O", "O", "O", "O", "O", "O", "O", "O", "O", "O", "O", "O", "O", "O", "O", "O", "O", "O", "O", "O", "O", "O", "O", "O", "O", "O", "O", "O", "O", "O", "O", "O", "O", "O", "O", "O", "O", "O", "O", "O", "O", "O", "O", "O", "O", "O", "O", "O", "O", "O", "O", "O", "O", "O", "O", "O", "O", "O", "O", "O", "O", "O", "O", "O", "O", "O", "O", "O", "O", "O", "O", "O", "O", "O", "O", "O", "O", "O", "O", "O", "O", "O", "O", "O", "O", "O", "O", "O", "O", "O", "O", "O", "O", "O", "O", "O", "O", "O", "O", "O", "O", "O", "O", "O", "O", "O", "O", "O", "O", "O", "O", "O", "O", "O", "O", "O", "O", "O", "O", "O", "O", "O", "O", "O", "O"]}
{"words": ["welken", "slaaf", ",", "te", "rug", "koomende", ",", "den", "gevangen", "helfte", "van", "'t", "gestoolene", "geld", "over", "gaf", ",", "waar", "op", "sy", "te", "saemen", "uijt", "den", "huijse", "weg", "gingen", ",", "dog", "naau", "lijx", "op", "straat", "sijnde", ",", "gaf", "gemelde", "slaaf", ",", "mers", "g", "den", "gevangen", "'t", "gelt", "wederom", ",", "'t", "welk", "den", "gev", "gen", "neevens", "'t", "andere", "gestoolene", "goed", ",", "bestaande", ",", "halven", "de", "ringen", "bovengenoemt", ",", "in", "twee", "messeneen", "neusdoek", ",", "in", "een", "andere", "doek", "te", "saemen", "by", "gaande", "vervolgens", "met", "hun", "byden", "naar", "een", "ta", "rij", ",", "alwaar", "den", "gevangen", "wyn", "drinkende", "door", "rammelen", "van", "'t", "gestoolene", "geld-", "en", "goud", "in", "sy", "sak", "ontrekt", "sijnde", "geworden", ",", "wierd", "gevangen", "ge", "men", ",", "en", "in", "handen", "van", "de", "Justitie", "overgelevert", "Ende", "gemerkt", "sulke", "en", "orme", "daden", "in", "een", "Lan", "daar", "regt", "en", "Justitie", "geoeffent", "word", ",", "niet", "ong", "prinieert", "konnen", "blijven", ",", "maar", "ter", "Contraruafschrik", "van", "diergelijke", "gaauw", "dieven", "op", "'t", "rig", "reuste", "dienen", "gestraft", "te", "werden", ",", "Justedlijn", "soo", "is", "'t", "dat", "den", "E", ":", "Agtbre", "Raad", "van", "des", "Casteels", "de", "goede", "Hoop", "ten", "dage", "dienendemit", "dagtelijk", "hebbende", "gelesen", "en", "geresumeert", "1", "schriftelijken", "Crimineelen", "Eijsch", "en", "Conclusie", "6", "door", "den", "Heer", "Independ", ":", "t", "fiscaal", "M", ":", "r", "Do", "gen", "niel", "van", "Den", "Henghel", "nomine", "off", "op", "ende", "Jeegens", "den", "gevangen", "gedaan", "Endenoomen", ",", "wijders", "gelet", "op", "des", "gevangens", "vrijw", "ge", "gerecolleerde", "Confessie", ",", "en", "op", "alle", "'t", "gene", "ter", "saeke", "dienende", "was", "en", "haar", "E", ":", "E", ":", "Agt", "konde", "doen", "moveeren", ",", "Doende", "regt", "uijt", "N"], "events": ["O", "O", "O", "O", "O", "O", "O", "O", "O", "O", "O", "O", "O", "O", "O", "O", "O", "O", "O", "O", "O", "O", "O", "O", "O", "O", "O", "O", "O", "O", "O", "O", "O", "O", "O", "O", "O", "O", "O", "O", "O", "O", "O", "O", "O", "O", "O", "O", "O", "O", "O", "O", "O", "O", "O", "O", "O", "O", "O", "O", "O", "O", "O", "O", "O", "O", "O", "O", "O", "O", "O", "O", "O", "O", "O", "O", "O", "O", "O", "O", "O", "O", "O", "O", "O", "O", "O", "O", "O", "O", "O", "O", "O", "O", "O", "O", "O", "O", "O", "O", "O", "O", "O", "O", "O", "O", "O", "O", "O", "O", "O", "O", "O", "O", "O", "O", "O", "O", "O", "O", "O", "O", "O", "O", "O", "O", "O", "O", "O", "O", "O", "O", "O", "O", "O", "O", "O", "O", "O", "O", "O", "O", "O", "O", "O", "O", "O", "O", "O", "O", "O", "O", "O", "O", "O", "O", "O", "O", "O", "O", "O", "O", "O", "O", "O", "O", "O", "O", "O", "O", "O", "O", "O", "O", "O", "O", "O", "O", "O", "O", "O", "O", "O", "O", "O", "O", "O", "O", "O", "O", "O", "O", "O", "O", "O", "O", "O", "O", "O", "O", "O", "O", "O", "O", "O", "O", "O", "O", "O", "O", "O", "O", "O", "O", "O", "O", "O", "O", "O", "O", "O", "O", "O", "O", "O", "O", "O", "O", "O", "O", "O", "O", "O", "O", "O", "O", "O", "O", "O", "O", "O", "O", "O", "O", "O", "O", "O", "O"]}
{"words": ["ende", "van", "weegens", "de", "Hoogh", "Hoogende", "Heeren", "Staaten", "Generael", "der", "Vrije", "VerEenigde", "Neederlanden", "den", "gevangen", "Januarij", "Van", "Bengalen", "hebben", "gecondemneert", ",", "gelijk", "haar", "E", ":", "E", ":", "Agtb", "=", "rens", "denselven", "Condemneeren", "mits", "deesen", ",", "omme", "gebragt", "te", "werden", "ter", "plaatse", ",", "alwaar", "men", "alhier", "gewoon", "is", "Crimineele", "Sententien", "te", "executeeren", ",", "en", "aldaer", "aan", "den", "scherprichter", "overgelevert", "sijnde", ",", "met", "de", "strop", "om", "den", "hals", "onder", "de", "galg", "met", "roeden", "op", "de", "bloote", "rugge", "strengelijk", "gegeeselt", "en", "gebrandmerkt", "te", "werden", ",", "voorts", "voor", "den", "tyd", "van", "tien", "Jaaren", "in", "de", "ketting", "geslagen", "synde", ",", "dus", "sijn", "Lijfheer", "thuijs", "te", "werden", "gesonden", ",", "mits", "betaalende", "de", "kosten", "en", "misen", "van", "Justitie", ",", "ontseggende", "den", "raed", "den", "verderen", "Eijsch", "van", "den", "Heer", "officier", ".", "\u2014", "onderstond:/", "Aldus", "gedaan", "ende", "gesententieert", "n't", "Casteel", "De", "Goede", "Hoop", "Den", "3", "\u201e", "'", "maij", "1736", ".", "mitsgad", "=", "rs", "gepronuntieert", "en", "geExecuteert", "den", "5", "\u201e", "'", "daar", "aan", "volgende", "/was", "getekent:/", "I", ":", "S", ":", "Rhenius", ".", "N", ":", "s", "Heijning", "H", ":", "k", "Swellengrebel", "us", "Brand", "I", ":", "s", "Moller", "R", ":", "Tulbagh", "en", "Corn", ":", "s", "Eelders", "/:Lager/", "Da", "hij", "Present", "/is", "getekent", ":/", "P", ":", "s", "de", "grandpreez", "secret", ":", "s", "/:in", "margine", "/", "Fiat", "Executie", "/:en", "getekent:/", "Ian", "De", "La", "Containe", ".", "\u2014"], "events": ["O", "O", "O", "O", "O", "O", "O", "O", "O", "O", "O", "O", "O", "O", "O", "O", "O", "O", "O", "O", "O", "O", "O", "O", "O", "O", "O", "O", "O", "O", "O", "O", "O", "O", "O", "O", "O", "O", "O", "O", "O", "O", "O", "O", "O", "O", "O", "O", "O", "O", "O", "O", "O", "O", "O", "O", "O", "O", "O", "O", "O", "O", "O", "O", "O", "O", "O", "O", "O", "O", "O", "O", "O", "O", "O", "O", "O", "O", "O", "O", "O", "O", "O", "O", "O", "O", "O", "O", "O", "O", "O", "O", "O", "O", "O", "O", "O", "O", "O", "O", "O", "O", "O", "O", "O", "O", "O", "O", "O", "O", "O", "O", "O", "O", "O", "O", "O", "O", "O", "O", "O", "O", "O", "O", "O", "O", "O", "O", "O", "O", "O", "O", "O", "O", "O", "O", "O", "O", "O", "O", "O", "O", "O", "O", "O", "O", "O", "O", "O", "O", "O", "O", "O", "O", "O", "O", "O", "O", "O", "O", "O", "O", "O", "O", "O", "O", "O", "O", "O", "O", "O", "O", "O", "O", "O", "O", "O", "O", "O", "O", "O", "O", "O", "O", "O", "O", "O", "O", "O", "O", "O", "O", "O", "O", "O", "O", "O", "O", "O", "O", "O", "O", "O", "O", "O", "O", "O", "O", "O", "O", "O", "O"]}
{"words": ["Accordeert"], "events": ["O"]}
{"words": ["degrand", "Breel"], "events": ["O", "O"]}
