{"words": ["Mettet", "ingehuijrde", "schip", "de", "Prins", "hebben", "wij", "een", "\u2014", "nabriefken", "aen", "UEd", ".", "geschreven", ",", "van", "inhoude", "als", "uyt", "de", "Copie", "hier", "bygaende", ",", "by", "ontstaen", "vande", "Principale", "is", "tesien", ":", "het", "selve", "Schip", "is", "p", "=", "ro", "april", "verleden", "uijt", "dese", "reede", "geseijlt", "ende", "voort", "geluckich", "buyten", "sumdas", "Engte", "geraeckt", ",", "synde", "\u2014", "te", "verhoopen", "dat", "het", "een", "schip", "alleen", "synde", ",", "voort", "een", "spoedige", "reyse", "doen", "sal", ",", "het", "welck", "Godt", "almachtich", "geve", "te", "synder", "tijt", "van", "vEd", "mogen", "verstaen1", ".", "d'raderhandt", "is", "Eyndelyck", "op", "25", ".", "desselve", "maent", "\u2014", "te", "bantam", "aengecomen", "het", "langh", "verwachte", "Engels", "Schip", "de", "Oostindische", "Coopman", ",", "groot", "ongeveer", "200", ".", "lasten", ",", "synde", "over", "de", "10", ".", "maenden", "onderwegen", ",", "ende", "de", "Caep", "de", "bonne", "Esparance", "aengeweest", ".", "\u2014", "ten", "principalen", "geladen", "met", "Loot", "ende", "Engelse", "\u2014", "bieren", ",", "die", "door", "de", "lange", "voyagie", "meest", "versuyrt", "ende", "bedorven", "bevonden", "sijn", ",", "nader", "gesecht", "wort", "souden", "sij", "geen", "off", "geheel", "weynich", "Comtanten", "mede", "gebracht", "hebben", ",", "Ende", "alsoo", "het", "selve", "schip", "op", "het", "spoedichste", "gelost", ",", "ende", "wederom", "afgeladen", "\u2014", "synde", ",", "binnen", "weynich", "dagen", "weder", "na", "Engelant", "te", "vertrecken", "staet", ",", "Soo", "en", "hebben", "wy", "niet", "willen", "nalaten", "uw", "Ed.", "mette", "selve", "dese", "weynige", "regulen", "toe", "tesenden", "van", "het", "geene", "zedert", "het"], "events": ["O", "O", "O", "O", "O", "O", "O", "O", "O", "O", "O", "O", "O", "O", "O", "O", "O", "O", "O", "O", "O", "O", "O", "O", "O", "O", "O", "O", "O", "O", "O", "O", "O", "O", "O", "O", "O", "O", "O", "O", "O", "O", "O", "O", "O", "O", "O", "O", "O", "O", "O", "O", "O", "O", "O", "O", "O", "O", "O", "O", "O", "O", "O", "O", "O", "O", "O", "O", "O", "O", "O", "O", "O", "O", "O", "O", "O", "O", "O", "O", "O", "O", "O", "O", "O", "O", "O", "O", "O", "O", "O", "O", "O", "O", "O", "O", "O", "O", "O", "O", "O", "O", "O", "O", "O", "O", "O", "O", "O", "O", "O", "O", "O", "O", "O", "O", "O", "O", "O", "O", "O", "O", "O", "O", "O", "O", "O", "O", "O", "O", "O", "O", "O", "O", "O", "O", "O", "O", "O", "O", "O", "O", "O", "O", "O", "O", "O", "O", "O", "O", "O", "O", "O", "O", "O", "O", "O", "O", "O", "O", "O", "O", "O", "O", "O", "O", "O", "O", "O", "O", "O", "O", "O", "O", "O", "O", "O", "O", "O", "O", "O", "O", "O", "O", "O", "O", "O", "O", "O", "O", "O", "O", "O", "O", "O", "O", "O", "O", "O", "O", "O", "O", "O", "O", "O", "O", "O", "O", "O", "O"]}
{"words": ["Heeren", ".", "1", ".", "\u2014"], "events": ["O", "O", "O", "O", "O"]}
{"words": ["af", "veerdigen", "van", "het", "gem", "Schip", "de", "Prins", "in", "Comp", ":", "s", "zaecken", "ontmoet", "ende", "voorgevallen", "is", "1", "Te", "meer", "alsoo", "de", "vrunden", "ons", "daer", "toe", "haren", "dienst", "hebben", "gelieven", "aen", "te", "bieden", ",", "e", "Bij", "onse", "voors", ":", "voorige", "hebben", "wij", "vEd", ".", "bekent", "gemaect", "hoe", "dat", "het", "Schip", "de", "walvis", "ende", "de", "\u2014", "fluijt", "de", "Gecroonde", "liefde", "na", "Japara", "hadden", "\u2014", "gesonden", "om", "rijs", "ende", "Timmerhoudt", ",", "ende", "dat", "de", "\u2014", "Jonck", "flora", ",", "die", "naer", "amboina", "geordonneert", "\u2014", "was", ",", "om", "haer", "onbequaemheijt", "ende", "vermits", "het", "verloopen", "des", "moussons", ",", "mede", "van", "deselve", "\u2014", "plaets", "weder", "te", "rugh", "stondt", "te", "comen", ",", "vandeselve", "is", "de", "Gecroonde", "liefde", "3", ".", "dagen", "daer", "na", "hier", "wel", "verschenen", ",", "ende", "het", "Schip", "de", "Walvib", "op", "24", ".", "maij", "geladen", "met", "Rijs", ",", "balcken", ",", "plancken", "ende", "swalpen", ",", "met", "schrijven", "vanden", "resident", "Barend", "volsch", ",", "onder", "anderen", "meldende", "hoe", "\u2014", "dat", "de", "voors", ".", "Jonck", "Flora", ",", "soo", "als", "gelaaden", "ende", "gereet", "lach", "om", "te", "vertrecken", ",", "tussch", "den", "18", "en", "19", "martyj", "s'nachts", ",", "door", "hard", "weder", "met", "hare", "\u2014", "ankers", "doorgegaen", ",", "ende", "op", "het", "rif", "aldaer", "leggen", ".", "geraeckt", ",", "ende", "tot", "bersten", "gestooten", "ene", "vergaen", "zy", ",", "verliesende", "de", "Comp", ":", "e", "daer", "by", "boven", "dien", "60", "lasten", "Rys", ",", "50", ".", "lasten", "Goudt", ",", "ende", "600", "stx", ".", "gemeene", "plancken", ",", "Godt", "den", "heere", "wil", "haare", "schaade", "versetten", ",", "Ondertusschen", "hebben", "deselve", "fluijt", ",", "om", "de", "vordere", "gereede", "houtwercken", "ende", "rijb", "\u2014", "van", "daer", "te", "haalen", "noch", "een", "heer", "na", "Japara", "\u2014"], "events": ["O", "O", "O", "O", "O", "O", "O", "O", "O", "O", "O", "O", "O", "O", "O", "O", "O", "O", "O", "O", "O", "O", "O", "O", "O", "O", "O", "O", "O", "O", "O", "O", "O", "O", "O", "O", "O", "O", "O", "O", "O", "O", "O", "O", "O", "O", "O", "O", "O", "O", "O", "O", "O", "O", "O", "O", "O", "O", "O", "O", "O", "O", "O", "O", "O", "O", "O", "O", "O", "O", "O", "O", "O", "O", "O", "O", "O", "O", "O", "O", "O", "O", "O", "O", "O", "O", "O", "O", "O", "O", "O", "O", "O", "O", "O", "O", "O", "O", "O", "O", "O", "O", "O", "O", "O", "O", "O", "O", "O", "O", "O", "O", "O", "O", "O", "O", "O", "O", "O", "O", "O", "O", "O", "O", "O", "O", "O", "O", "O", "O", "O", "O", "O", "O", "O", "O", "O", "O", "O", "O", "O", "O", "O", "O", "O", "O", "O", "O", "O", "O", "O", "O", "O", "O", "O", "O", "O", "O", "O", "O", "O", "O", "O", "O", "O", "O", "O", "O", "O", "O", "O", "O", "O", "O", "O", "O", "O", "O", "O", "O", "O", "O", "O", "O", "O", "O", "O", "O", "O", "O", "O", "O", "O", "O", "O", "O", "O", "O", "O", "O", "O", "O", "O", "O", "O", "O", "O", "O", "O", "O", "O", "O", "O", "O", "O", "O", "O", "O", "O", "O", "O", "O", "O", "O", "O", "O", "O", "O", "O", "O", "O", "O", "O", "O", "O", "O", "O", "O", "O", "O", "O", "O", "O", "O", "O", "O", "O", "O", "O", "O", "O", "O", "O", "O", "O", "O", "O"]}
{"words": ["laaten", "doen", ",", "die", "hier", "op", "den", "11.:e", "deses", "mede", "met", "houtwercken", "geladen", "weder", "is", "te", "rugh", "gecomen", ",", "Van", "eenige", "mataramse", "besendinge", "herwaerts", ",", "\u2014", "die", "wij", "met", "goede", "quantiteijt", "rijs", "verwacht", "hadden", ",", "en", "is", "tot", "noch", "toe", "geen", "gewach", ",", "apparendt", "dat", "tot", "het", "eynde", "van", "'t", "ooste", "mousson", "\u2014", "sal", "uijt", "syn", "gestelt", ",", "Door", "particulieren", "worte", "onderentusschen", "dagelijcx", "veel", "Riys", "aengebracht", "\u201e", "schip", "d", "'", "ende", "hebben", "mettet", "\u201e", "walvis", "ende", "de", "liefde", "480lasten", "Ontfangen", ".", "1", ".", "Om", "dat", "den", "resident", "Dirck", "fray", "tot", "Bantam", "ons", "met", "siyne", "advisen", "de", "Satiffactie", "niet", "en", "heeft", "gegeven", "die", "van", "hem", "hadden", "verwacht", ",", "soo", "hebben", "hem", "naet", "vertreck", "van", "1", ".", "schip", "de", "\u2014", "Prins", "voors", ":", "doen", "vervangen", "door", "den", "Coopman", "Reijnier", "Gerooskerck", ",", "die", "verhoopen", "dat", "het", "daer", ",", "na", "onse", "Intentie", ",", "beter", "waernemen", "sal", "\u2014", "hebbende", "hem", "een", "briefken", "met", "een", "cleyn", "geschenk", "aenden", "Sulthan", "mede", "gegeven", ",", "dat", "verstaen", "\u2014", "aengenaem", "geweest", "te", "sijn", ",", "het", "Deens", "Jachje", "de", "Fredericus", "is", "op", "1", ".", "april", "schieliyck", ",", "ende", ",", "sooder", "gesecht", "wort", ",", "sonder", "verlof", "vanden", "\u2014", "Sulthan", "genomen", "te", "hebben", ",", "na", "Cormandel", "vertrocken", ",", "hebbende", "haeren", "Coopman", "ofte", "\u2014", "schrijver", "met", "11000", ".", "Realen", "aen", "uytstaende", "\u2014", "sulden", "onder", "de", "Sulthan", ",", "ende", "de", "grooten", "tot", "Bantam", "laeten", "staen", ",", "Soo", "dat", "haer", "Cargasoen", "niet", "seer", "groot", "en", "can", "sijn", ",", "bestaende", "soo", "wij", "\u2014"], "events": ["O", "O", "O", "O", "O", "O", "O", "O", "O", "O", "O", "O", "O", "O", "O", "O", "O", "O", "O", "O", "O", "O", "O", "O", "O", "O", "O", "O", "O", "O", "O", "O", "O", "O", "O", "O", "O", "O", "O", "O", "O", "O", "O", "O", "O", "O", "O", "O", "O", "O", "O", "O", "O", "O", "O", "O", "O", "O", "O", "O", "O", "O", "O", "O", "O", "O", "O", "O", "O", "O", "O", "O", "O", "O", "O", "O", "O", "O", "O", "O", "O", "O", "O", "O", "O", "O", "O", "O", "O", "O", "O", "O", "O", "O", "O", "O", "O", "O", "O", "O", "O", "O", "O", "O", "O", "O", "O", "O", "O", "O", "O", "O", "O", "O", "O", "O", "O", "O", "O", "O", "O", "O", "O", "O", "O", "O", "O", "O", "O", "O", "O", "O", "O", "O", "O", "O", "O", "O", "O", "O", "O", "O", "O", "O", "O", "O", "O", "O", "O", "O", "O", "O", "O", "O", "O", "O", "O", "O", "O", "O", "O", "O", "O", "O", "O", "O", "O", "O", "O", "O", "O", "O", "O", "O", "O", "O", "O", "O", "O", "O", "O", "O", "O", "O", "O", "O", "O", "O", "O", "O", "O", "O", "O", "O", "O", "O", "O", "O", "O", "O", "O", "O", "O", "O", "O", "O", "O", "O", "O", "O", "O", "O", "O", "O", "O", "O", "O", "O", "O", "O", "O", "O", "O", "O", "O", "O", "O", "O", "O", "O", "O", "O", "O", "O", "O", "O"]}
{"words": ["bericht", "sijn", ",", "uijt", "150", ".", "p.", "s", "Thin", ",", "20", ".", "kisten", "suijker", "50", "picol", "Cooper", ",", "partij", "aluijn", ",", "grof", "porceleijn", "\u2014", "swavel", ",", "ende", "25", ".", "schuijtjes", "goudt", "van", "13", ".", "of", "14", "realen", "swaerte", "yjder", "1", ".", "Van", "ons", "voornemen", ",", "om", "defluyt", "den", "Os", "met", "2", "gewapende", "Chaloupen", "na", "palembangh", "tesenden", "om", "den", "peper", "handel", "aldaer", "te", "vernieuwen", "\u2014", "sullen", "u.", "Ed.", "uyjt", "de", "voorsz", "onse", "jongste", "mette", "\u2014", "prins", "geschreven", "verstaen", "hebben", ",", "Deselve", "sijn", "dienvolgens", "den", "9:en", "april", "van", "dese", "reede", "vertrocken", "\u2014", "ende", "3", ".", "daagen", "daer", "nae", "het", "Jacht", "de", "Gulde", "Cath", "willende", "verhoopen", "dat", "'s", "Comp", ":", "s", "oogh", "wit", "met", "deselve", "sal", "worden", "bereyckt", ",", "wat", "Instructie", "wy", "den", "Coopman", "Antony", "Boy", "tot", "dien", "Eynde", "hebben", "\u2014", "mede", "gegeven", ",", "sal", "onnodich", "wesen", "alhier", "te", "particularisen", "alsoo", "vEd", ".", "deselve", "uyt", "onse", "voorsz", "voorige", "genoegh", "\u2014", "sullen", "connen", "afnemen", ".", "Soo", "is", "oock", ",", "volgens", "prosect", ",", "uw", "Ed.", "met", "de", "voors", "brieff", "bekent", "gemaeckt", ",", "op", "20", ".", "geroerde", "maents", "over", "malacca", "naer", "achin", "vertrocken", "den", "bouckhouder", "Generael", "Dirck", "Schouten", ",", "mette", "gesanten", "van", "Coninginne", ",", "ende", "de", "Jachten", "Ionge", "prins", "ende", "\u2014", "alckmaer", ",", "om", "de", "openstaende", "differenten", "met", "\u2014", "deselve", "Croone", "wegen", "de", "moort", "in", "perach", "aen", "ons", "\u2014", "volck", "begaen", ",", "is", "'t", "doenlijck", ",", "te", "beslechten", ",", "daer", "wij", "\u2014", "niet", "aen", "twijffelen", ",", "om", "de", "groote", "inclinatie", "die", "\u2014", "de", "mayes", ".", "t", "daer", "toe", "schijnt", "te", "hebben", ",", "onse", "intentie", "dienaengaende", "sullen", "vEd", ":", "inde", "meergeroerde", "brief"], "events": ["O", "O", "O", "O", "O", "O", "O", "O", "O", "O", "O", "O", "O", "O", "O", "O", "O", "O", "O", "O", "O", "O", "O", "O", "O", "O", "O", "O", "O", "O", "O", "O", "O", "O", "O", "O", "O", "O", "O", "O", "O", "O", "O", "O", "O", "O", "O", "O", "O", "O", "O", "O", "O", "O", "O", "O", "O", "O", "O", "O", "O", "O", "O", "O", "O", "O", "O", "O", "O", "O", "O", "O", "O", "O", "O", "O", "O", "O", "O", "O", "O", "O", "O", "O", "O", "O", "O", "O", "O", "O", "O", "O", "O", "O", "O", "O", "O", "O", "O", "O", "O", "O", "O", "O", "O", "O", "O", "O", "O", "O", "O", "O", "O", "O", "O", "O", "O", "O", "O", "O", "O", "O", "O", "O", "O", "O", "O", "O", "O", "O", "O", "O", "O", "O", "O", "O", "O", "O", "O", "O", "O", "O", "O", "O", "O", "O", "O", "O", "O", "O", "O", "O", "O", "O", "O", "O", "O", "O", "O", "O", "O", "O", "O", "O", "O", "O", "O", "O", "O", "O", "O", "O", "O", "O", "O", "O", "O", "O", "O", "O", "O", "O", "O", "O", "O", "O", "O", "O", "O", "O", "O", "O", "O", "O", "O", "O", "O", "O", "O", "O", "O", "O", "O", "O", "O", "O", "O", "O", "O", "O", "O", "O", "O", "O", "O", "O", "O", "O", "O", "O", "O", "O", "O", "O", "O", "O", "O", "O", "O", "O", "O", "O", "O", "O", "O", "O", "O", "O", "O", "O", "O", "O", "O", "O", "O", "O", "O", "O", "O", "O", "O", "O", "O", "O", "O"]}
{"words": ["mede", "genoegh", "vinden", "uytgedruckt", ",", "waer", "toe", "ons", "in", "dese", "om", "cortheijt", "gedraagen", ",", "by", "aldien", "de", "vrede", "\u2014", "getroffen", "wort", ",", "soo", "sal", "de", "besettinge", "voor", "\u2014", "Perach", "op", "breken", ",", "om", "elders", "ten", "dienste", "vande", "\u2014", "Comp", ":", "e", "niet", "meerder", "voordeel", "gebruijct", "te", "worden", "ende", "waer", "door", "de", "ongelden", "vant", "malacxe", "gouvernement", "dan", "soo", "veel", "sullen", "worden", "verlicht", ",", "\u2014", "Op", "4", ".", "maj", "is", "hier", "van", "bengale", "over", "malacca", "\u2014", "aengelandt", "een", "Boijer", "genaemt", "maslupatnam", "\u2014", "gebondt", "op", "Cormandel", ",", "mitsgaders", ".", "op", "21", ".", "desselven", "maents", "de", "Jachten", "vlissingen", "en", "popken", "s", "E", "=", "r", "met", "647", "packen", "syde", ",", "cleeden", ",", "salpeter", ",", "Terw", "\u2014", "Poyersuycker", ",", "bedragende", "t'samen", "\u0192", "393158", "\u201e", "_", "de", "advisen", "vanden", "E.", "Ioan", "verpoorten", "van", "10", "maert", "melden", "van", "geen", "ander", "swaricheijt", ",", "dan", "dat", "het", "Capitael", "op", "verre", "na", "niet", "strecken", "mach", "om", "de", "\u2014", "Eijsen", "te", "voldoen", ",", "ende", "den", "handel", "na", "behooren", "te", "\u2014", "vervolgen", ",", "Dat", "verdrietich", "valt", "1", ".", "Op", "17", ".", "april", "voorn", "t", "hebben", "wij", "na", "Cormandel", "\u2014", "voor", "af", "laaten", "verseiylen", "het", "Jacht", "de", "griffien", "\u2014", "ingelaaden", "hebbende", "een", "Cargasoen", "bedragende", "\u0192", "186530", ".", "-", ".", "bestaende", "ten", "principalen", "uijt", "674", ".", "Realen", "swaerte", "goudt", ",", "30000", "tail", "japans", "schuijtsilver", ",", "Specerijen", ",", "laeckenen", ",", "fermelioen", ",", "\u2014", "Quick", "silver", ",", "Loot", ",", "benjuim", "R", ",", "ende", "staet", "het", "tweede", "schip", ",", "met", "het", "overige", "silver", "meede", "eerstdaeghs", ",", "afgeveerdicht", "te", "worden", ",", "Ende", "alhoewel", "om", "de", "eiyschen", ",", "soo", "voor", "het", "vaderlandt", "als", "voor"], "events": ["O", "O", "O", "O", "O", "O", "O", "O", "O", "O", "O", "O", "O", "O", "O", "O", "O", "O", "O", "O", "O", "O", "O", "O", "O", "O", "O", "O", "O", "O", "O", "O", "O", "O", "O", "O", "O", "O", "O", "O", "O", "O", "O", "O", "O", "O", "O", "O", "O", "O", "O", "O", "O", "O", "O", "O", "O", "O", "O", "O", "O", "O", "O", "O", "O", "O", "O", "O", "O", "O", "O", "O", "O", "O", "O", "O", "O", "O", "O", "O", "O", "O", "O", "O", "O", "O", "O", "O", "O", "O", "O", "O", "O", "O", "O", "O", "O", "O", "O", "O", "O", "O", "O", "O", "O", "O", "O", "O", "O", "O", "O", "O", "O", "O", "O", "O", "O", "O", "O", "O", "O", "O", "O", "O", "O", "O", "O", "O", "O", "O", "O", "O", "O", "O", "O", "O", "O", "O", "O", "O", "O", "O", "O", "O", "O", "O", "O", "O", "O", "O", "O", "O", "O", "O", "O", "O", "O", "O", "O", "O", "O", "O", "O", "O", "O", "O", "O", "O", "O", "O", "O", "O", "O", "O", "O", "O", "O", "O", "O", "O", "O", "O", "O", "O", "O", "O", "O", "O", "O", "O", "O", "O", "O", "O", "O", "O", "O", "O", "O", "O", "O", "O", "O", "O", "O", "O", "O", "O", "O", "O", "O", "O", "O", "O", "O", "O", "O", "O", "O", "O", "O", "O", "O", "O", "O", "O", "O", "O", "O", "O", "O", "O", "O", "O", "O", "O", "O", "O", "O", "O", "O", "O", "O", "O", "O", "O", "O", "O", "O", "O", "O", "O", "O", "O"]}
{"words": ["d", "'", "Indische", "quartieren", ",", "te", "voldoen", ",", "het", "Capitael", "\u2014", "aldaer", "seer", "becrompen", "om", "sal", "comen", ",", "gelyck", "\u2014", "V.", "Ed.", "uijt", "onse", "voorige", "breeder", "sullen", "hebben", "\u2014", "verstaen", ",", "soo", "hebben", "wy", "echter", "geordonneert", ",", "dat", "alle", "het", "Silver", "van", "daer", "voort", "na", "bengale", "\u2014", "gesonden", "sal", ".", "werden", ",", "om", "daer", "tegen", "zijde", "ende", "\u2014", "andere", "Coopmanschappen", "omgeset", "te", "worden", "\u2014", "Wat", "ordre", "wy", "meer", "met", "het", "voorsz", "Jachte", "na", "\u2014", "Cormandel", "gegeven", "hebben", ",", "en", "sullen", "jegenwoordigh", "niet", "extenderen", ",", "maer", "tot", "ander", "gelegentheijt", "\u2014", "gereserveert", "houden", ".", "1", ".", "_", "n", "De", "fluyt", "de", "witte", "valck", "ende", "het", "nieuwe", "Jacht", "worcom", ",", "die", "van", "Siam", "te", "comen", "stonden", "\u2014", "syn", "hier", "eyndelyck", "naer", "langh", "uiytsien", ",", "op", "18", "en", ".", "24", ".", "maij", "verleden", "behouden", "aengecomen", ",", "geladen", "met", "houtwercken", ",", "Olie", ",", "Sappanhoudt", ",", "Ende", "2", ".", "Oliphanten", "door", "den", "Coninck", "tot", "Schenckagie", "gesonden", ",", "nevens", "deselve", "ontfungen", "een", "brief", "van", "majes", "t", "dienende", "ten", "principale", "tot", "onderhoudinge", ".", "van", "vrundtschap", ":", "s", "daer", "tegen", "hebben", "wij", ",", "om", "de", "\u2014", "Coopmanschappen", ",", "die", "daer", "voor", "Japan", "sullen", "\u2014", "wesen", "geprocureert", ",", "na", "naugasackki", "te", "brengen", ",", "op", "10", ".", "desselve", "maents", "van", "hier", "derwaerts", "\u2014", "gesonden", ",", "het", "fluyt", "Schip", "de", "Trouw", ",", "dat", "\u2014", "noch", "hecht", "ende", "sterck", "geoordeelt", "wort", ",", "ende", "\u2014", "groot", "van", "ruijm", "is", ",", "synde", "byj", "onse", "voorige", "\u2014", "neffens", "de", "Griffioen", "voor", "Cormandel", "\u2014", "geprojecteert", "geweest", ",", "daer", "nu", "een", "ander", "toe", "\u2014"], "events": ["O", "O", "O", "O", "O", "O", "O", "O", "O", "O", "O", "O", "O", "O", "O", "O", "O", "O", "O", "O", "O", "O", "O", "O", "O", "O", "O", "O", "O", "O", "O", "O", "O", "O", "O", "O", "O", "O", "O", "O", "O", "O", "O", "O", "O", "O", "O", "O", "O", "O", "O", "O", "O", "O", "O", "O", "O", "O", "O", "O", "O", "O", "O", "O", "O", "O", "O", "O", "O", "O", "O", "O", "O", "O", "O", "O", "O", "O", "O", "O", "O", "O", "O", "O", "O", "O", "O", "O", "O", "O", "O", "O", "O", "O", "O", "O", "O", "O", "O", "O", "O", "O", "O", "O", "O", "O", "O", "O", "O", "O", "O", "O", "O", "O", "O", "O", "O", "O", "O", "O", "O", "O", "O", "O", "O", "O", "O", "O", "O", "O", "O", "O", "O", "O", "O", "O", "O", "O", "O", "O", "O", "O", "O", "O", "O", "O", "O", "O", "O", "O", "O", "O", "O", "O", "O", "O", "O", "O", "O", "O", "O", "O", "O", "O", "O", "O", "O", "O", "O", "O", "O", "O", "O", "O", "O", "O", "O", "O", "O", "O", "O", "O", "O", "O", "O", "O", "O", "O", "O", "O", "O", "O", "O", "O", "O", "O", "O", "O", "O", "O", "O", "O", "O", "O", "O", "O", "O", "O", "O", "O", "O", "O", "O", "O", "O", "O", "O", "O", "O", "O", "O", "O", "O", "O", "O", "O", "O", "O", "O", "O", "O", "O", "O", "O", "O", "O", "O", "O", "O", "O", "O", "O", "O", "O", "O", "O"]}
{"words": ["sal", "moeten", "werden", "gebruijckt", ",", "van", "hier", "hebben", "\u2014", "wij", "daer", "voor", "Japan", "ingescheept", ",", "om", "den", "Risico", "wat", "te", "verdeelen", ",", "aen", "bengaelse", "zyde", ",", "ende", "andere", "\u2014", "Coopmanschappen", ",", "de", "Somme", "van", "\u019240183\u201e15\u201e10", "Ende", "staet", "mette", "naerder", "besendinge", ",", "daer", "de", "\u2014", "Jachten", ",", "angelier", "ende", "soutelande", "toe", "aengeleyt", "syn", "eerst", "daecks", "derwaerts", "te", "vertrecken", ",", "om", "het", "opperhooft", ".", "Leeonard", "winnincx", "te", "vervangen", ",", "\u2014", "ende", "de", "aenstaende", "jaers", "negotie", "waer", "te", "nemen", ",", "den", "Coopman", "Ian", "Bouchellon", ",", "die", "lange", "jaaren", "in", "dat", "Rijck", "geremoreert", "heeft", ",", "ende", "om", "syne", "\u2014", "singuliere", "deuchden", "biy", "de", "Iapanderen", "bemint", "is", ",", "Na", "Tayvan", "syn", "voor", "d", "'", "eerste", "besendinge", "op", "14", "\u2014", "maij", "afgeveerdicht", ",", "de", "Jachten", "de", "Bul", ",", "ende", "\u2014", "armuijden", ",", "mitsgaders", "defluijt", "de", "Pellicaen", ",", "mettet", "Gallot", "de", "swarte", "vos", "op", "20", ".", "verleden", "maents", "\u2014", "hier", "van", "daer", "aengelandt", ",", "te", "samen", "met", "een", "\u2014", "Cargasoen", "verscheyden", "Coopmanschappen", "ende", "\u2014", "provisien", "ter", "somme", "van", "\u0192242900", "\u201e", "18", "\u201e", "6", ",", "Godt", "wil", "deselve", "behouden", "geleiyden", ",", "mette", "voors", ":", "\u2014", "swarte", "vos", "hebben", "nader", "advisen", "becomen", "vanden", "Gouverneur", "ende", "Raedt", "van", "formosa", ",", "geda", "=", "t", "6", ".", "en", ".", "26", ".", "februarij", ",", "verleden", ",", "Een", "vertier", "der", "\u2014", "Coopmanschappen", "bleef", "even", "slap", ",", "ende", "en", "wiert", "geen", "Goudt", "uijt", "China", "aengebracht", ",", "vermits", "den", "mandorijn", "Cocxinja", "het", "selve", "over", "al", "het", "opcoopen", ",", "om", "tot", "syn", "eiygen", "negotie", "na", "andere", "\u2014", "plaetsen", "te", "gebruijcken", ",", "ende", "de", "winsten", "soo", "hij", "\u2014", "self", "schrijft", ",", "te", "dienen", "tot", "betalinge", "van", "sijn", "\u2014"], "events": ["O", "O", "O", "O", "O", "O", "O", "O", "O", "O", "O", "O", "O", "O", "O", "O", "O", "O", "O", "O", "O", "O", "O", "O", "O", "O", "O", "O", "O", "O", "O", "O", "O", "O", "O", "O", "O", "O", "O", "O", "O", "O", "O", "O", "O", "O", "O", "O", "O", "O", "O", "O", "O", "O", "O", "O", "O", "O", "O", "O", "O", "O", "O", "O", "O", "O", "O", "O", "O", "O", "O", "O", "O", "O", "O", "O", "O", "O", "O", "O", "O", "O", "O", "O", "O", "O", "O", "O", "O", "O", "O", "O", "O", "O", "O", "O", "O", "O", "O", "O", "O", "O", "O", "O", "O", "O", "O", "O", "O", "O", "O", "O", "O", "O", "O", "O", "O", "O", "O", "O", "O", "O", "O", "O", "O", "O", "O", "O", "O", "O", "O", "O", "O", "O", "O", "O", "O", "O", "O", "O", "O", "O", "O", "O", "O", "O", "O", "O", "O", "O", "O", "O", "O", "O", "O", "O", "O", "O", "O", "O", "O", "O", "O", "O", "O", "O", "O", "O", "O", "O", "O", "O", "O", "O", "O", "O", "O", "O", "O", "O", "O", "O", "O", "O", "O", "O", "O", "O", "O", "O", "O", "O", "O", "O", "O", "O", "O", "O", "O", "O", "O", "O", "O", "O", "O", "O", "O", "O", "O", "O", "O", "O", "O", "O", "O", "O", "O", "O", "O", "O", "O", "O", "O", "O", "O", "O", "O", "O", "O", "O", "O", "O", "O", "O", "O", "O", "O", "O", "O", "O", "O", "O", "O", "O", "O", "O", "O", "O", "O", "O", "O", "O", "O", "O", "O", "O", "O", "O", "O", "O"]}
{"words": ["Crijgs", "volck", ";", "daer", "hy", "al", "veel", "toe", "van", "doen", "sal", "hebben", ",", "bovendien", "soo", "wierden", "de", "wegen", "door", "de", "\u2014", "Tartaren", "op", "veele", "plaetsen", "in", "China", "onveijl", "ende", "geslooten", "gehouden", ",", "tot", "verachteringe", "van", "den", "\u2014", "Coophandel", ",", "waerom", "den", "gem", "Gouv.:r", "sijnen", "\u2014", "Eijsch", "van", "Peper", "ende", "eenige", "andere", "Coopmans=", "al", "vry", "heeft", "vermindert/.", "De", "landtocht", "om", "de", "huijd", "van", "formosa", ",", "daer", "in", "onse", "voorige", "van", "vermelt", "is", ",", "was", "door", "den", "\u2014", "Drost", ".", "Frederick", "schedel", "ende", "Cap", ":", "n", "Thomas", "\u2014", "pedel", "gedaen", ",", "ende", "de", "oproerige", "dorpen", "met", "straffe", "van", "eenige", "quaetdoenders", "in", "vrede", "\u2014", "gestelt", ",", "Desujcker", "plantagie", ",", "stond", "op", "formosa", "seer", "schoon", ",", "diemen", "meende", "dat", "tegen", "Iulio", "aenstaende", "niet", "min", "dan", "12", "of", "13", ".", "O", "picol", "soude", "\u2014", "uytleveren", ",", "boven", "de", "7451", "p", "s", "van", "het", "voorige", "\u2014", "Jaer", "overgebleven", ",", "Ende", "was", "wederom", "15", ".", "@", "E", "=", "a", "aen", "Coopmanschappen", "aende", "Chinesen", "hoofden", "op", "\u2014", "leverantie", "van", "suijcker", "geadvanceert", ",", "Ende", "vermits", "het", "gesaij", "door", "de", "plage", "der", "sprinckhanen", ",", "\u2014", "in", "onse", "voorige", "aengeroert", ",", "op", "eenige", "plaetsen", "veel", "bedorven", "was", ",", "waer", "door", "in", "ettelycke", "Dorpen", "hougersnoot", "was", "ontstaen", ",", "soo", "had", "den", "Gouv", ":", "r", "en", "raedt", ",", "om", "de", "arme", "menschen", "de", "mondt", "open", "te", "houden", ",", "uijt", "Comp", ":", "s", "packhuijs", "28", "lasten", "rijs", "tot", "een", "aelmoesse", "\u2014", "uytgereyckt", ",", "na", "Tonckin", "hadden", "sy", "op", "6", ".", "e", "februarij", "afgesonden", "de", "Ionck", "Zeelandia", ",", "om", "met", "de", "nader", "\u2014", "advijsen", "der", "overgebleven", "Supposten", "herwaerts", "te", "\u2014", "comen", ",", "die", "tot", "heden", ",", "tot", "onse", "verwonderingh", ",", "hier", "\u2014"], "events": ["O", "O", "O", "O", "O", "O", "O", "O", "O", "O", "O", "O", "O", "O", "O", "O", "O", "O", "O", "O", "O", "O", "O", "O", "O", "O", "O", "O", "O", "O", "O", "O", "O", "O", "O", "O", "O", "O", "O", "O", "O", "O", "O", "O", "O", "O", "O", "O", "O", "O", "O", "O", "O", "O", "O", "O", "O", "O", "O", "O", "O", "O", "O", "O", "O", "O", "O", "O", "O", "O", "O", "O", "O", "O", "O", "O", "O", "O", "O", "O", "O", "O", "O", "O", "O", "O", "O", "O", "O", "O", "O", "O", "O", "O", "O", "O", "O", "O", "O", "O", "O", "O", "O", "O", "O", "O", "O", "O", "O", "O", "O", "O", "O", "O", "O", "O", "O", "O", "O", "O", "O", "O", "O", "O", "O", "O", "O", "O", "O", "O", "O", "O", "O", "O", "O", "O", "O", "O", "O", "O", "O", "O", "O", "O", "O", "O", "O", "O", "O", "O", "O", "O", "O", "O", "O", "O", "O", "O", "O", "O", "O", "O", "O", "O", "O", "O", "O", "O", "O", "O", "O", "O", "O", "O", "O", "O", "O", "O", "O", "O", "O", "O", "O", "O", "O", "O", "O", "O", "O", "O", "O", "O", "O", "O", "O", "O", "O", "O", "O", "O", "O", "O", "O", "O", "O", "O", "O", "O", "O", "O", "O", "O", "O", "O", "O", "O", "O", "O", "O", "O", "O", "O", "O", "O", "O", "O", "O", "O", "O", "O", "O", "O", "O", "O", "O", "O", "O", "O", "O", "O", "O", "O", "O", "O", "O", "O", "O", "O", "O", "O", "O", "O", "O", "O", "O", "O", "O", "O", "O", "O", "O", "O", "O", "O", "O", "O", "O"]}
{"words": ["niet", "en", "wort", "vernomen", ",", "Ende", "alsoo", "de", "Tonckinse", "\u2014", "syde", ",", "soo", "cleynen", "voordeel", "in", "Japan", "geeft", ",", "gelyck", "\u2014", "u", "Ed.", "uijt", "onse", "voorige", "hebben", "verstaen", ",", "soo", "hebben", "wy", "goetgevonden", "dat", "desen", "Jaare", "geen", "sijde", "aldaer", "voor", "Japan", ".", "Genegotieert", "en", "sal", "worden", ",", "om", "het", "Capitael", "daer", "toe", "noodich", "elders", "net", "meer", "proffyt", "te", "connen", "\u2014", "gebruijcken", ",", "Het", "Jacht", "de", "sleermuijs", "is", "12", ".", "deser", "\u2014", "derwaerts", "geseijlt", ",", "met", "niet", "meer", "dan", "1627", ".", ",", "T", "=", "s", "silver", "ende", "eenige", "provisien", "te", "samen", "bedragende", "\u0192", "25773\u201e2\u201e-", "om", "van", "daer", "voort", "na", "Tayoan", "te", "verseijlen", "ende", "tottet", "lossen", "ende", "laaden", "der", "schepen", "inde", "piscadoris", "\u2014", "gebruijct", "te", "worden"], "events": ["O", "O", "O", "O", "O", "O", "O", "O", "O", "O", "O", "O", "O", "O", "O", "O", "O", "O", "O", "O", "O", "O", "O", "O", "O", "O", "O", "O", "O", "O", "O", "O", "O", "O", "O", "O", "O", "O", "O", "O", "O", "O", "O", "O", "O", "O", "O", "O", "O", "O", "O", "O", "O", "O", "O", "O", "O", "O", "O", "O", "O", "O", "O", "O", "O", "O", "O", "O", "O", "O", "O", "O", "O", "O", "O", "O", "O", "O", "O", "O", "O", "O", "O", "O", "O", "O", "O", "O", "O", "O", "O", "O", "O", "O", "O", "O", "O", "O", "O", "O", "O", "O", "O", "O", "O", "O", "O", "O", "O", "O", "O", "O", "O", "O"]}
{"words": ["Op", ".", "14", ".", "maij", "is", "hier", "van", "bouton", "aengecomen", "de", "\u2014", "fluyt", "Sandijck", ",", "hebbende", "de", "reijse", "van", "daer", "tot", "Amboina", ",", "vermits", "het", "monsson", "verloopen", "was", "\u2014", "niet", "connen", "gewinnen", ",", "ende", "den", "20", ".", "ende", "25", ".", "daer", "aenvolgende", "de", "Jachten", "Erasmus", ",", "goudt", "sblom", ",", "sontelande", "ende", "defluijt", "de", "vleermuijs", "van", "amboina", ",", "mitsgaders", "op", ".", "3", ".", "deser", "de", "fluyt", "de", "patientie", "van", "banda", ",", "mede", "over", "Amboina", ",", "met", "advisen", "vanden", "E.", "de", "vlamingh", "van", "outshoorn", ",", "ende", "de", "Respective", "Gouverneurs", "\u2014", "van", "banda", "ende", "Tarnata", ",", "synde", "die", "vanden", "E.", "de", "\u2014", "vlamingh", "voorn", "t", "gedateert", "21", ".", "april", "en", ".", "6:e", "maijt", ",", "Op", "bina", "en", "is", "geen", "vyandtschap", "gepleecht", ",", "om", "dat", "de", "macassarse", "vaertuijgen", ";", "daer", "in", "onse", "voorige", "\u2014", "van", "staet", "vermelt", ",", "al", "eenigen", "tijt", "voor", "de", "verschyninge", "der", "onse", "vertrocken", "waren", ",", "Op", "bouton", "was", "den", "Coninck", ".", "aly", ".", "door", "mandarsaha", ",", "om", "sijn", "quade", "\u2014", "Comportementen", ",", "terwijl", "syn", "E.", "absent", "was", "\u2014"], "events": ["O", "O", "O", "O", "O", "O", "O", "O", "O", "O", "O", "O", "O", "O", "O", "O", "O", "O", "O", "O", "O", "O", "O", "O", "O", "O", "O", "O", "O", "O", "O", "O", "O", "O", "O", "O", "O", "O", "O", "O", "O", "O", "O", "O", "O", "O", "O", "O", "O", "O", "O", "O", "O", "O", "O", "O", "O", "O", "O", "O", "O", "O", "O", "O", "O", "O", "O", "O", "O", "O", "O", "O", "O", "O", "O", "O", "O", "O", "O", "O", "O", "O", "O", "O", "O", "O", "O", "O", "O", "O", "O", "O", "O", "O", "O", "O", "O", "O", "O", "O", "O", "O", "O", "O", "O", "O", "O", "O", "O", "O", "O", "O", "O", "O", "O", "O", "O", "O", "O", "O", "O", "O", "O", "O", "O", "O", "O", "O", "O", "O", "O", "O", "O", "O", "O", "O", "O", "O", "O", "O", "O", "O", "O", "O", "O", "O", "O", "O", "O", "O", "O", "O", "O", "O", "O", "O", "O", "O", "O", "O", "O", "O", "O", "O", "O", "O", "O", "O"]}
{"words": ["geweest", ",", "uyt", "sijn", "plaets", "gestelt", ",", "ende", "naderhandt", "met", "believen", "van", "syn", "E.", ",", "niet", "anders", "connende", ",", "een", "ander", "in", "deselve", "gesurrogeert", ",", "uijt", "welcke", "veranderingh", "\u2014", "dan", "wyder", "is", "gevolcht", ",", "dat", "die", "vande", "Contrarie", "\u2014", "factie", "na", "het", "vertreck", "van", "mandersaha", "ende", "de", "onse", "\u2014", "den", "voors", ":", "alij", "om", "het", "leven", "gebracht", ",", "ende", "d", "'", "vasticheijt", "die", "wy", "aldaer", "begrepen", "hadden", ",", "door", "de", "macassaren", "\u2014", "zoodanich", "hebben", "laaten", "benauwen", ",", "dat", "de", "onse", "daer", "\u2014", "in", "Guarnisoen", "leggende", ",", "synde", "23", ".", "nederlanders", "sterck", ",", "na", "een", "langh", "ende", "hevich", "gevecht", ",", "genoodtsaeckt", "sijn", "\u2014", "geworden", ",", "om", "in", "der", "mooren", "handen", "niet", "te", "vervallen", ",", "het", "te", "laaten", "springen", ",", "synde", "alle", "met", "een", "groot", "getal", "\u2014", "macassaren", ",", "dieder", "al", "binnen", "waren", ",", "inde", "lucht", "gevloogen", ",", "soo", "als", "eenige", "vande", "voors", ".", "Jachten", ",", "die", "de", "Straet", "gepasseert", "sijn", ",", "ons", "hebben", "gerelateert", ",", "en", "\u2014", "door", "schrijvens", "van", "onse", "gevangens", "in", "macassar", ",", "verleden", "jaer", "met", "een", "Chaloup", "genomen", ",", "die", "daer", "\u2014", "selve", "sijn", "present", "geweest", ",", "geconfirmeert", "wort", ".", "\u2014", "na", "luijt", "van", "het", "selve", "schrijven", ",", "sou", "den", "Coninck", "\u2014", "van", "macassar", "daer", "self", "met", "een", "groote", "macht", "van", "wel", "hondert", "vaertuijgen", "jegenwoordich", "sijn", "geweest", "niet", "intentie", "om", "van", "daer", "voort", "na", "amboinia", "te", "\u2014", "seylen", ",", "maer", "was", ",", "vermits", "het", "Gaijsoen", "verstreken", "was", ",", "genootsaeckt", "geworden", ",", "na", "dat", "hy", "voor", "een", "\u2014", "ander", "plaets", "in", "bouton", "het", "hooft", "geslooten", ",", "ende", "wel", "200", ".", "man", "verlooren", "had", ",", "weder", "mette", "selve", "machte", "na", "macassar", "te", "keeren", ",", "Doch", "eenigen", "tijt", "daer", "te", "vooren", "warender", ",", "soo", "als", "onse", "besettinge", "voort", "meerendeel", "al", "opgebroocken", "ende", "vertrocken", "was", ","], "events": ["O", "O", "O", "O", "O", "O", "O", "O", "O", "O", "O", "O", "O", "O", "O", "O", "O", "O", "O", "O", "O", "O", "O", "O", "O", "O", "O", "O", "O", "O", "O", "O", "O", "O", "O", "O", "O", "O", "O", "O", "O", "O", "O", "O", "O", "O", "O", "O", "O", "O", "O", "O", "O", "O", "O", "O", "O", "O", "O", "O", "O", "O", "O", "O", "O", "O", "O", "O", "O", "O", "O", "O", "O", "O", "O", "O", "O", "O", "O", "O", "O", "O", "O", "O", "O", "O", "O", "O", "O", "O", "O", "O", "O", "O", "O", "O", "O", "O", "O", "O", "O", "O", "O", "O", "O", "O", "O", "O", "O", "O", "O", "O", "O", "O", "O", "O", "O", "O", "O", "O", "O", "O", "O", "O", "O", "O", "O", "O", "O", "O", "O", "O", "O", "O", "O", "O", "O", "O", "O", "O", "O", "O", "O", "O", "O", "O", "O", "O", "O", "O", "O", "O", "O", "O", "O", "O", "O", "O", "O", "O", "O", "O", "O", "O", "O", "O", "O", "O", "O", "O", "O", "O", "O", "O", "O", "O", "O", "O", "O", "O", "O", "O", "O", "O", "O", "O", "O", "O", "O", "O", "O", "O", "O", "O", "O", "O", "O", "O", "O", "O", "O", "O", "O", "O", "O", "O", "O", "O", "O", "O", "O", "O", "O", "O", "O", "O", "O", "O", "O", "O", "O", "O", "O", "O", "O", "O", "O", "O", "O", "O", "O", "O", "O", "O", "O", "O", "O", "O", "O", "O", "O", "O", "O", "O", "O", "O", "O", "O", "O", "O", "O", "O", "O", "O", "O", "O", "O", "O", "O", "O", "O", "O", "O", "O", "O", "O", "O", "O", "O", "O", "O", "O", "O", "O", "O", "O", "O", "O", "O", "O", "O", "O", "O", "O"]}
{"words": ["ettelijcke", ",", "vaertuyjgen", "door", "geraeckt", ",", "hoewel", "tot", "voors", "dato", "noch", "geene", "in", "de", "quartieren", "van", "Amboina", "vernomen", ",", "apparendt", "dat", "haer", "reijse", ",", "vermits", "het", "\u2014", "verloop", "des", "moussons", ",", "genomen", "sullen", "hebben", "\u2014", "langs", "de", "Cust", "van", "Celebes", "na", "de", "Lulas", ",", "alwaer", "\u2014", "syn", "E.", "haer", "voornam", "met", "Cruiysende", "Jachten", "te", "\u2014", "stutten", ",", "ondertusschen", "had", "syn", "gem", "E.", "tegen", "het", "voors", ":", "ongeluck", "op", "bouton", "voor", "siyn", "vertreck", "van", "\u2014", "daer", "aende", "West", "cant", "van't", "eiylandt", "pangesane", ",", "onder", "beleijt", "vanden", "Commandeur", "Gerrit", "Roos", ",", "doen", "\u2014", "afloopen", "ende", "innemen", "een", "vasticheijt", "ofte", "plaets", ",", "de", "macassaren", "onderdanich", ",", "genaemt", "Tibore", ",", "hebbende", "5", ".", "Punten", ",", "inde", "welcke", "over", "de", "200", "mannen", "doodtgeslaagen", ",", "ende", "grooter", "getal", "gevangens", "becomen", "sijn", ",", "die", "de", "overwinners", "tot", "buijt", "syn", "gebleven", ",", "besiyden", "groote", "quantiteijt", "victualien", "ende", "cleeden", ",", "die", "daer", "schynen", "gereet", "gelegen", "te", "hebben", "om", "na", "assahoudij", "gebracht", "te", "worden", ",", "ende", "door", "d'onse", "gerooft", ",", "\u2014", "verbrandt", "ende", "vermelt", "sijn", ",", "Tot", "het", "Eijlandt", "buro", "gecomen", "synde", ",", "syn", "de", "Tarnatanen", ",", "die", "\u2014", "mandarsaha", "soo", "verre", ",", "genoech", "tegen", "haerdanck", "\u2014", "met", "groote", "moyte", "ende", "arbeijt", "gevolcht", "waeren", "\u2014", "langer", "onwillich", "geworden", ",", "ende", "den", "Coninck", "weder", "afgevallen", ",", "hebbende", "haer", "inde", "Rivier", "van", "Caijeli", "op", "het", "gem.", "Eiylandt", "bij", "de", "vyanden", "begeven", ",", "\u2014", "ende", "de", "quitsil", "Callematta", "wederom", "tot", "haren", "\u2014", "Coninck", "gecroont", ";", "haer", "vaertuijgen", ",", "Corcorren", "\u2014", "vivres", ".", "admunitie", ",", "ende", "geheele", "bougagie", "in", "onse", "handen", "laetende", ",", "Den", "E.", "de", "vlamingh", "had", "besendinge"], "events": ["O", "O", "O", "O", "O", "O", "O", "O", "O", "O", "O", "O", "O", "O", "O", "O", "O", "O", "O", "O", "O", "O", "O", "O", "O", "O", "O", "O", "O", "O", "O", "O", "O", "O", "O", "O", "O", "O", "O", "O", "O", "O", "O", "O", "O", "O", "O", "O", "O", "O", "O", "O", "O", "O", "O", "O", "O", "O", "O", "O", "O", "O", "O", "O", "O", "O", "O", "O", "O", "O", "O", "O", "O", "O", "O", "O", "O", "O", "O", "O", "O", "O", "O", "O", "O", "O", "O", "O", "O", "O", "O", "O", "O", "O", "O", "O", "O", "O", "O", "O", "O", "O", "O", "O", "O", "O", "O", "O", "O", "O", "O", "O", "O", "O", "O", "O", "O", "O", "O", "O", "O", "O", "O", "O", "O", "O", "O", "O", "O", "O", "O", "O", "O", "O", "O", "O", "O", "O", "O", "O", "O", "O", "O", "O", "O", "O", "O", "O", "O", "O", "O", "O", "O", "O", "O", "O", "O", "O", "O", "O", "O", "O", "O", "O", "O", "O", "O", "O", "O", "O", "O", "O", "O", "O", "O", "O", "O", "O", "O", "O", "O", "O", "O", "O", "O", "O", "O", "O", "O", "O", "O", "O", "O", "O", "O", "O", "O", "O", "O", "O", "O", "O", "O", "O", "O", "O", "O", "O", "O", "O", "O", "O", "O", "O", "O", "O", "O", "O", "O", "O", "O", "O", "O", "O", "O", "O", "O", "O", "O", "O", "O", "O", "O", "O", "O", "O", "O", "O", "O", "O", "O", "O", "O", "O", "O", "O", "O", "O", "O", "O", "O", "O", "O", "O", "O"]}
{"words": ["aen", "haer", "gedaen", ",", "om", "haer", "met", "soeticheijt", "ende", "schoone", "\u2014", "beloften", "te", "bewegen", "weder", "af", "te", "comen", ",", "maer", "en", "\u2014", "wilden", "niet", "luysteren", ";", "het", "langh", "na", "swerven", "haer", ",", "soo", "het", "schijmt", "te", "seer", "verdrietende", ",", "ende", "mandarsalas", "\u2014", "onhebbelyckheden", "niet", "langer", "begeerende", "te", "verdragen", ",", "\u2014", "sonder", "datse", "eenige", "meyningh", "ofte", "intentie", "hebben", "\u2014", "vijandschap", "tegen", "de", "Comp", ":", "e", "op", "te", "nemen", ",", "Echter", "\u2014", "wierden", "inde", "voors", ".", "rivier", "door", "d'onse", "beset", "gehouden", ",", "Jn", "assahondi", "was", "bij", "de", "macassaen", "v", ":", "amunitie", ",", "\u2014", "ende", "victualie", "seer", "groot", "gebreck", ",", "soo", "dat", "wij", "verhoopen", "dat", "sy", "rechtevoort", "al", "in", "onse", "handen", "sullen", "syn", "vervallen", ",", "het", "sy", "met", "accoord", ".", "ofte", "gewelt", ",", "het", "welck", ".", "Godt", "geve", ",", "alswanneer", "alles", "wel", "\u2014", "wederom", "toevallen", ",", "ende", "de", "macassaren", "d'Couragie", ",", "om", "ons", "meer", "te", "comen", "quellen", ",", "wel", "wat", "ontsunken", "sal", ",", "Inde", "provintien", "van", "Tarnaten", "ende", "banda", "staet", ",", "Gode", "sy", "lof", ",", "alles", "in", "gerusten", "toestant", ",", "geen", "veranderinge", "voorgevallen", "synde", "die", "weerdich", "\u2014", "sy", "te", "schryven/.", "van", "Suratte", "syn", "hier", "op", "29", ".", "verleden", "maents", ",", "\u2014", "Godt", "sy", "lof", ",", "wel", "aengecomen", "de", "Jachten", "naerden", ",", "\u2014", "ende", "zirckzee", ",", "met", "een", "Cargasoen", "verscheyden", "\u2014", "sorteringen", "cleeden", ".", "I", "ten", "bedragen", "van", "\u0192", "318706\u201e-", ".", "ende", "is", "met", "deselve", "Jachten", "overgecomen", "den", "\u2014", "Directeur", "Gerarde", "Pelgrom", ",", "hebbende", "de", "Directie", "volgens", "onse", "Last", ",", "aenden", "E.", "Hendrick", "van", "gendt", "overgedaen", ",", "nae", "t", "'", "rapport", "ende", "schrijven", "vande", "\u2014", "Selve", "directeurs", ",", "staen", "s", "'", "Comp", ":", "s", "zaacken", "in", "\u2014", "Suratte", "ende", "hin", "dustan", "in", "geen", "ongewensten", "\u2014"], "events": ["O", "O", "O", "O", "O", "O", "O", "O", "O", "O", "O", "O", "O", "O", "O", "O", "O", "O", "O", "O", "O", "O", "O", "O", "O", "O", "O", "O", "O", "O", "O", "O", "O", "O", "O", "O", "O", "O", "O", "O", "O", "O", "O", "O", "O", "O", "O", "O", "O", "O", "O", "O", "O", "O", "O", "O", "O", "O", "O", "O", "O", "O", "O", "O", "O", "O", "O", "O", "O", "O", "O", "O", "O", "O", "O", "O", "O", "O", "O", "O", "O", "O", "O", "O", "O", "O", "O", "O", "O", "O", "O", "O", "O", "O", "O", "O", "O", "O", "O", "O", "O", "O", "O", "O", "O", "O", "O", "O", "O", "O", "O", "O", "O", "O", "O", "O", "O", "O", "O", "O", "O", "O", "O", "O", "O", "O", "O", "O", "O", "O", "O", "O", "O", "O", "O", "O", "O", "O", "O", "O", "O", "O", "O", "O", "O", "O", "O", "O", "O", "O", "O", "O", "O", "O", "O", "O", "O", "O", "O", "O", "O", "O", "O", "O", "O", "O", "O", "O", "O", "O", "O", "O", "O", "O", "O", "O", "O", "O", "O", "O", "O", "O", "O", "O", "O", "O", "O", "O", "O", "O", "O", "O", "O", "O", "O", "O", "O", "O", "O", "O", "O", "O", "O", "O", "O", "O", "O", "O", "O", "O", "O", "O", "O", "O", "O", "O", "O", "O", "O", "O", "O", "O", "O", "O", "O", "O", "O", "O", "O", "O", "O", "O", "O", "O", "O", "O", "O", "O", "O", "O", "O", "O", "O", "O", "O", "O", "O", "O", "O", "O", "O", "O", "O", "O", "O", "O", "O", "O", "O", "O", "O", "O", "O", "O", "O", "O", "O", "O", "O", "O", "O"]}
{"words": ["gestalte", ",", "De", "vice", "rey", "in", "Goa", ",", "heeft", "de", "\u2014", "Chaloup", "de", "maecht", "van", "d'ordrecht", ",", "voorleden", "\u2014", "jaer", "in", "snalijs", "Chom", "genomen", ",", "eyndelyck", "op", "6=e", "Decemb.r", "weder", "gelargeert", "ende", "vry", "gegeven", ",", "met", "12", ".", "gevangens", ",", "daer", "onder", "oock", "de", "Luijtenant", "Christoffel", ".", "Egger", ",", "ende", "vendrich", "harmen", "broer=", "over", "2", ".", "jaaren", "op", "zeiylon", "aen", "angruatotte", "gecregen", ",", "\u2014", "Waerjegens", "den", "E.", "van", "Gendt", "voorn", ".", ".", "en", "passant", "op", "wingurla", "synde", ",", "haer", "weder", "vrij", "gestelt", "hadde", "\u2014", "eenige", "papen", "ende", "andere", ",", "van", "zeiylon", "mede", "genomen", ",", "De", "Jachten", "Sluijs", "ende", "avenhoorn", "\u2014", "waren", "13", ".", "feb", ":", ".", "van", "Suratte", "over", "Gindi", "\u2014", "naer", "Persin", "voortgeseijlt", ",", "ende", "daermede", "den", "\u2014", "Coopman", "Ian", "berckhoudt", ",", "om", "den", "Directeur", "Dirck", "Sarserius", "te", "vervangen", ",", "Deschepen", "wittepaert", ",", "Campen", ",", "ende", "het", "Calf", ",", "van", "Tayoan", "door", "de", "Straet", "van", "malacca", "na", "suratte", "gesonden", ",", "\u2014", "waeren", "daermede", ",", "god", "lof", ",", "behouden", "aengecomen", ",", "op", "4", ".", "maert", "ende", "den", "23", ".", "daer", "aenvolgende", "mede", ",", "na", "persia", "genavigeert", ",", "van", "heijlon", "was", ",", "tot", "te", "meerder", "versekeringh", "tegen", "portugese", "macht", "tot", "deselve", "gevoecht", ",", "het", "jacht", "de", "Cortelduijf", ",", "het", "t", "'", "welck", "den", "Directeur", "dan", "na", "mocha", "\u2014", "had", "gebruijckt", ",", "om", "de", "Coopmanschappen", "\u2014", "ende", "lywaaten", ";", "al", "voor", "'t", "becomen", "van", "onse", "\u2014", "ordre", "genegotieert", ",", "tot", "schade", "vande", "Comp", "=", "e", "niet", "over", "tehouden", ",", "De", "aengebrachte", "Coopmanschappen", "waren", "weder", "aende", "meestbiedende"], "events": ["O", "O", "O", "O", "O", "O", "O", "O", "O", "O", "O", "O", "O", "O", "O", "O", "O", "O", "O", "O", "O", "O", "O", "O", "O", "O", "O", "O", "O", "O", "O", "O", "O", "O", "O", "O", "O", "O", "O", "O", "O", "O", "O", "O", "O", "O", "O", "O", "O", "O", "O", "O", "O", "O", "O", "O", "O", "O", "O", "O", "O", "O", "O", "O", "O", "O", "O", "O", "O", "O", "O", "O", "O", "O", "O", "O", "O", "O", "O", "O", "O", "O", "O", "O", "O", "O", "O", "O", "O", "O", "O", "O", "O", "O", "O", "O", "O", "O", "O", "O", "O", "O", "O", "O", "O", "O", "O", "O", "O", "O", "O", "O", "O", "O", "O", "O", "O", "O", "O", "O", "O", "O", "O", "O", "O", "O", "O", "O", "O", "O", "O", "O", "O", "O", "O", "O", "O", "O", "O", "O", "O", "O", "O", "O", "O", "O", "O", "O", "O", "O", "O", "O", "O", "O", "O", "O", "O", "O", "O", "O", "O", "O", "O", "O", "O", "O", "O", "O", "O", "O", "O", "O", "O", "O", "O", "O", "O", "O", "O", "O", "O", "O", "O", "O", "O", "O", "O", "O", "O", "O", "O", "O", "O", "O", "O", "O", "O", "O", "O", "O", "O", "O", "O", "O", "O", "O", "O", "O", "O", "O", "O", "O", "O", "O", "O", "O", "O", "O", "O", "O", "O", "O", "O", "O", "O", "O", "O", "O", "O", "O", "O", "O", "O", "O", "O", "O", "O", "O", "O", "O", "O", "O", "O", "O"]}
{"words": ["vercoht", ",", "daer", "wy", "ons", "wel", "bij", "bevinden", ",", "ende", "voornemen", "bij", "te", "Continueren", ",", "Die", "vande", "Engelsche", "\u2014", "w", "Comp", ":", "e", "aldaer", ",", "hebben", "in", "Decemb.:r", "d", "\u201e", "o", "februarij", "\u2014", "verleden", "nae", "Engelant", "geretourneert", "de", "scheepen", "\u2014", "welcom", ",", "Duijf", "ende", "Egel", ",", "in", "onse", "voorige", "vermelt", ",", "vande", "Cust", "van", "malinde", "was", "haer", "Jacht", "de", "\u2014", "assade", "marchand", "wederom", "gecomen", ",", "ende", "de", "\u2014", "zeekors", "over", "Gamron", "na", "bassura", "vertrocken", ",", "nae", "t", "'", "schrijven", "van", "t'opperhooft", "in", "wingurla", ",", "mette", "voors", ":", "Jachten", "ontfangen", ",", "gedateert", "30", ".", "\u2014", "maert", "verleden", ",", "siyn", ".", "2", ".", "October", "verleden", "jaers", "\u2014", "voor", "Goa", "uijt", "poortugael", "aengecomen", "twee", "Galloens", "ende", "een", "hurke", ",", "met", "12", "of", "13", ".", "hondert", "Coppen", ",", "ende", "gelaaden", "met", "weiynich", "Coopmans", "als", ".", "Corael", ",", "Eliphants", ".", "landen", ",", "snuijf", "toeback", "\u2014", "wijn", ",", "Olije", ",", "Papier", ",", "ende", "partije", "Comtanten", "\u2014", "maer", "het", "grootste", "vande", "selve", "Galloens", "was", "5", ".", "daagen", "daer", "nae", "door", "storm", "van", "ancker", "\u2014", "gesneten", ",", "ende", "vergaen", ",", "doch", "het", "volck", "ende", "de", "meeste", "Coopmanschappen", "geberght", ",", "het", "tweede", "Galloen", "bleef", "onder", "het", "Casteel", "d'aguada", "ten", "\u2014", "ancker", "leggen", ",", "sonder", "dat", "van", "desselfs", "versendinge", "gewaecht", "wierd", ",", "ende", "de", "hurke", "was", "de", "rivier", ",", "op", "gecort", "tot", "voor", "het", "Cruijt", "huijs", ",", "weynich", "beneden", "de", "Stadt", ",", "maer", "in", "february", "verleden", "had", "de", "vicereij", ",", "een", "Carveel", ",", "particuliere", "Coopluyden", "toebehoorende", ",", "na", "portugael", "afgeveerdicht", "doch", "het", "selve", "was", ",", "na", "dat", "5", ".", "dagen", "in", "zee", "\u2014"], "events": ["O", "O", "O", "O", "O", "O", "O", "O", "O", "O", "O", "O", "O", "O", "O", "O", "O", "O", "O", "O", "O", "O", "O", "O", "O", "O", "O", "O", "O", "O", "O", "O", "O", "O", "O", "O", "O", "O", "O", "O", "O", "O", "O", "O", "O", "O", "O", "O", "O", "O", "O", "O", "O", "O", "O", "O", "O", "O", "O", "O", "O", "O", "O", "O", "O", "O", "O", "O", "O", "O", "O", "O", "O", "O", "O", "O", "O", "O", "O", "O", "O", "O", "O", "O", "O", "O", "O", "O", "O", "O", "O", "O", "O", "O", "O", "O", "O", "O", "O", "O", "O", "O", "O", "O", "O", "O", "O", "O", "O", "O", "O", "O", "O", "O", "O", "O", "O", "O", "O", "O", "O", "O", "O", "O", "O", "O", "O", "O", "O", "O", "O", "O", "O", "O", "O", "O", "O", "O", "O", "O", "O", "O", "O", "O", "O", "O", "O", "O", "O", "O", "O", "O", "O", "O", "O", "O", "O", "O", "O", "O", "O", "O", "O", "O", "O", "O", "O", "O", "O", "O", "O", "O", "O", "O", "O", "O", "O", "O", "O", "O", "O", "O", "O", "O", "O", "O", "O", "O", "O", "O", "O", "O", "O", "O", "O", "O", "O", "O", "O", "O", "O", "O", "O", "O", "O", "O", "O", "O", "O", "O", "O", "O", "O", "O", "O", "O", "O", "O", "O", "O", "O", "O", "O", "O", "O", "O", "O", "O", "O", "O", "O", "O", "O", "O", "O", "O", "O", "O", "O", "O", "O", "O", "O", "O", "O", "O", "O", "O", "O", "O", "O", "O", "O"]}
{"words": ["was", "geweest", ",", "vermits", "quade", "afladinge", ",", "onbequaem", "geoordeelt", "de", "Reijse", "te", "volbrengen", ",", "ende", "weder", "\u2014", "buen", "gecomen", ",", "Of", "het", "nu", "naderhandt", "deselve", "hervat", "sal", "hebben", ",", "staet", "ons", "uijt", "de", "volgende", "\u2014", "advisen", "te", "vernemen", ",", "die", "van", "geu", "Stadt", "\u2014", "waren", "Eyndelyck", "mette", "Coninck", "van", "visiapour", "verdragen", ",", "ende", "desselfs", "veld", "leger", "ingetrocken", ",", "De", "siapaneyck", ",", "daer", "in", "onse", "voorige", "van", "\u2014", "vermelt", "staet", ",", "heeft", "d", "'", "fortresse", "onor", "ten", "\u2014", "lesten", "geemporteert", ",", "ende", "den", "Portugeesen", "\u2014", "Gouverneur", "gedwongen", "sich", "mettet", "guarnisoen", "ende", "den", "ommeslach", "te", "waater", "naer", "Goa", "te", "salveeren", ",", "na", "Heijlon", "wierd", "gerucht", ",", "dat", "500", "-", "man", "tot", "Secours", "soude", "worden", "gesonden", "\u2014", "maer", "dewijl", "de", "vice", "Reij", "ende", "andere", "grooten", "\u2014", "seer", "oneenich", "tegen", "malkander", "waaren", ",", "ende", "het", "mousson", "ten", "eynde", "liep", ",", "soo", "twijffeldemen", "of", "de", "besendinge", "al", "zoude", "voortgaen", ",", "Deselve", "\u2014", "Jachten", "syn", "Heylon", "in", "voor", "by", "seijlen", "aengeweest", "maer", "en", "hebben", "ons", "geen", "advisen", "van", "daer", "toegebracht", ",", "Doch", "de", "vrunden", "rapporteren", "mondeling", "dat", "alles", "daer", "wel", "stond", ",", "ende", "d'onse", "meester", "\u2014", "int", "veldt", "waaren", ",", "hebbende", "inde", "maendt", "\u2014", "Decembr", ",", "byj", "occasie", "van", "de", "aencomste", "vanden", "E.", "van", "Gendt", "voorn", ".", "mette", "jachten", "naerden", "\u2014", "sluijs", ",", "zirck", "zee", ",", "ende", "avenhorn", ",", "den", "vyandt", "siyn", "fortificatie", "aende", "Rivier", "van", "alican", ",", "\u2014", "na", "een", "levigh", "gevecht", ",", "stormenderhandt", "in", "\u2014"], "events": ["O", "O", "O", "O", "O", "O", "O", "O", "O", "O", "O", "O", "O", "O", "O", "O", "O", "O", "O", "O", "O", "O", "O", "O", "O", "O", "O", "O", "O", "O", "O", "O", "O", "O", "O", "O", "O", "O", "O", "O", "O", "O", "O", "O", "O", "O", "O", "O", "O", "O", "O", "O", "O", "O", "O", "O", "O", "O", "O", "O", "O", "O", "O", "O", "O", "O", "O", "O", "O", "O", "O", "O", "O", "O", "O", "O", "O", "O", "O", "O", "O", "O", "O", "O", "O", "O", "O", "O", "O", "O", "O", "O", "O", "O", "O", "O", "O", "O", "O", "O", "O", "O", "O", "O", "O", "O", "O", "O", "O", "O", "O", "O", "O", "O", "O", "O", "O", "O", "O", "O", "O", "O", "O", "O", "O", "O", "O", "O", "O", "O", "O", "O", "O", "O", "O", "O", "O", "O", "O", "O", "O", "O", "O", "O", "O", "O", "O", "O", "O", "O", "O", "O", "O", "O", "O", "O", "O", "O", "O", "O", "O", "O", "O", "O", "O", "O", "O", "O", "O", "O", "O", "O", "O", "O", "O", "O", "O", "O", "O", "O", "O", "O", "O", "O", "O", "O", "O", "O", "O", "O", "O", "O", "O", "O", "O", "O", "O", "O", "O", "O", "O", "O", "O", "O", "O", "O", "O", "O", "O", "O", "O", "O", "O", "O", "O", "O", "O", "O", "O", "O", "O", "O", "O", "O", "O", "O", "O", "O", "O", "O", "O"]}
{"words": ["ingenomen", ",", "ende", "54", ".", "portugesen", "afgeslaagen", ",", "ende", "verhoopen", "wij", "met", "de", "macht", ",", "die", "vEd", "ons", "hebben", "gelieven", "toe", "teschicken", ",", "eerlangh", "mede", "iet", "notabels", "op", "den", "selven", "bij", "der", "handt", "te", "nemen", "\u2014", "daer", "Godt", "den", "heere", "synen", "zegen", "toe", "wil", "\u2014", "_", "o", "_", "verleenen", "1", ".", "zijnde", "hier", "zedert", "de", "meergem", ".", "onse", "\u2014", "Jongste", ",", "mettet", "Schip", "de", "Prins", "geschreven", ",", "godt", "sy", "lof", ",", "vervolgens", "noch", "behouden", "uijt", "het", "lieve", "vaderl.ts", "toch", "behouden", "aengecomen", "op", "12", ".", "maij", "het", "Schip", "\u2014", "de", "gecroonde", "Leeuw", "voor", "req", "e", "vande", "Camer", "\u2014", "Enckhuijsen", ",", "ende", "den", "11", ".", "daer", "aenvolgende", "den", "\u2014", "Oliphant", ",", "ende", "vande", "nieuwe", "Equipagie", "deschepen", "Malacca", ",", "ende", "t", "'", "wapen", "van", "Hollandt", ",", "11", "\u201e", "17", "\u201e", "19ende", "21", ".", "Julij", ",", "blommendael", ",", "koukercke", ",", "de", "phenix", ",", "maecht", "van", "Enckhuysen", ",", "proventie", ",", "Coninck", "\u2014", "Davidt", ",", "ende", "t", "'", "wapen", "van", "amsterdam", ",", "mitsgaders", "Primo", "Julij", "het", "Jacht", "der", "Goes", ",", "alle", "over", "de", "\u2014", "Caep", "de", "bonne", "Esparance", ",", "die", "na", "t", "'", "schrijven", "\u2014", "van", "den", "Commandeur", "Ioan", "van", "Riebeeck", ",", "met", "deselve", "ontfangen", ",", "het", "Jacht", "Domburgh", "ende", "\u2014", "Ship", "Prins", "Willem", "mede", "hadden", "bereiyckt", ",", "ende", "stondt", "het", "Schip", "Prins", "willem", ",", "het", "Jacht", "goes", ",", "dat", "18", "april", "verleden", "vande", "Caep", "gescheiyden", "is", ",", "\u2014", "binnen", "3", ".", "of", "4", ".", "dagen", "te", "volgen", ",", "maer", "domburgh", "is", "al", "van", "ul", ":", "to", "maert", "onder", "wege", "geweest", ",", "dat", "langh", "is", ",", "Godt", "geve", "noch", "voor", "t", "'", "sluyjten", "deses", ",", "noch", "op", "donderen", ",", "Deselve", "Scheepen", "hebben", "\u2014", "alhier", ",", "Godt", "sy", "gepresen", ",", "meest", "gesont", "ende"], "events": ["O", "O", "O", "O", "O", "O", "O", "O", "O", "O", "O", "O", "O", "O", "O", "O", "O", "O", "O", "O", "O", "O", "O", "O", "O", "O", "O", "O", "O", "O", "O", "O", "O", "O", "O", "O", "O", "O", "O", "O", "O", "O", "O", "O", "O", "O", "O", "O", "O", "O", "O", "O", "O", "O", "O", "O", "O", "O", "O", "O", "O", "O", "O", "O", "O", "O", "O", "O", "O", "O", "O", "O", "O", "O", "O", "O", "O", "O", "O", "O", "O", "O", "O", "O", "O", "O", "O", "O", "O", "O", "O", "O", "O", "O", "O", "O", "O", "O", "O", "O", "O", "O", "O", "O", "O", "O", "O", "O", "O", "O", "O", "O", "O", "O", "O", "O", "O", "O", "O", "O", "O", "O", "O", "O", "O", "O", "O", "O", "O", "O", "O", "O", "O", "O", "O", "O", "O", "O", "O", "O", "O", "O", "O", "O", "O", "O", "O", "O", "O", "O", "O", "O", "O", "O", "O", "O", "O", "O", "O", "O", "O", "O", "O", "O", "O", "O", "O", "O", "O", "O", "O", "O", "O", "O", "O", "O", "O", "O", "O", "O", "O", "O", "O", "O", "O", "O", "O", "O", "O", "O", "O", "O", "O", "O", "O", "O", "O", "O", "O", "O", "O", "O", "O", "O", "O", "O", "O", "O", "O", "O", "O", "O", "O", "O", "O", "O", "O", "O", "O", "O", "O", "O", "O", "O", "O", "O", "O", "O", "O", "O", "O", "O", "O", "O", "O", "O", "O", "O", "O", "O", "O", "O", "O", "O", "O", "O", "O", "O", "O", "O", "O", "O", "O", "O", "O", "O", "O", "O", "O", "O", "O", "O", "O", "O", "O", "O", "O", "O", "O", "O", "O", "O", "O", "O", "O", "O"]}
{"words": ["kloecq", "volck", "aengebracht", ",", "met", "weijnich", "Dooden", ",", "\u2014", "uytgesondert", "het", "Schip", "de", "Gecroonde", "leeuw", ",", "dat", "by", "noorden", "de", "voors", ".", "Caep", "50", ".", "man", "heeft", "verlooren", ",", "waermede", "wyj", "rechtevoort", "dan", "een", "\u2014", "goede", "macht", "Schepen", "ende", "volck", "soo", "soldaten", "\u2014", "als", "matroosen", "by", "de", "handt", "hebbende", ",", "om", "niet", "alleen", "den", "handel", "allerwegen", "vol", "te", "connen", "laten", "staen", ",", "maer", "oock", "om", "bovendieij", "uet", ":o", "notabels", "\u2014", "tegen", "den", "vyandt", "te", "connen", "ondernemen", ",", "Soo", "hebben", "in", "Raade", "van", "India", "vast", "gestelt", "inden", "name", "Godes", ",", "een", "vloote", "van", "12", ".", "of", "14", ".", "schepen", "ende", "oorlogs", "Jachten", "na", "de", "Cust", "van", "India", "uijt", "te", "setten", ",", "wel", "gemant", "met", "Soldaten", ",", "ende", "zee-volck", ",", "ende", "dat", "onder", "het", "Commando", "ende", "beleyt", "vanden", "heere", "Gerard", "Hulst", ",", "Eerste", "raedt", "ende", "\u2014", "Directeur", "Generael", "van", "India", ",", "die", "met", "een", "genereusen", "yver", "tot", "Comp", ":", "s", "wel", "vaaren", ",", "syn", "dienst", "daer", "toe", "\u2014", "heeft", "aengeboden", ",", "Godt", "almachtich", "sy", "gebeden", "\u2014", "onse", "Desseynen", "mette", "selve", "vloot", ",", "te", "willen", "segenen", ",", "mette", "bovengenoemde", "Schepen", ",", "hebben", "wiy", "wel", "\u2014", "ontfangen", ",", "U", "Ed.", "nader", "brieven", "van", "8:e", "e", "\u201e", "n", "15", "october", "verleden", "Jaers", ",", "mitsgaders", "de", "particuliere", "vande", "\u2014", "respective", "Cameren", "Amsterdam", ",", "middelburch", "ende", "Enckhuijsen", ",", "op", "dewelcke", "wij", "over", "dese", "wech", "niet", "\u2014", "anders", "en", "sullen", "antwoorden", ",", "dan", "dat", "wij", "den", "inhout", "wel", "verhoopen", "begrepen", "ende", "verstaen", ",", "te", "hebben", ",", "\u2014", "ende", "deselve", "met", "alle", "vermogen", "sullen", "trachten", "te", "\u2014", "achtervolgen", "ende", "na", "te", "comen", "uw", "Eed", ".", "e", "gedienstich"], "events": ["O", "O", "O", "O", "O", "O", "O", "O", "O", "O", "O", "O", "O", "O", "O", "O", "O", "O", "O", "O", "O", "O", "O", "O", "O", "O", "O", "O", "O", "O", "O", "O", "O", "O", "O", "O", "O", "O", "O", "O", "O", "O", "O", "O", "O", "O", "O", "O", "O", "O", "O", "O", "O", "O", "O", "O", "O", "O", "O", "O", "O", "O", "O", "O", "O", "O", "O", "O", "O", "O", "O", "O", "O", "O", "O", "O", "O", "O", "O", "O", "O", "O", "O", "O", "O", "O", "O", "O", "O", "O", "O", "O", "O", "O", "O", "O", "O", "O", "O", "O", "O", "O", "O", "O", "O", "O", "O", "O", "O", "O", "O", "O", "O", "O", "O", "O", "O", "O", "O", "O", "O", "O", "O", "O", "O", "O", "O", "O", "O", "O", "O", "O", "O", "O", "O", "O", "O", "O", "O", "O", "O", "O", "O", "O", "O", "O", "O", "O", "O", "O", "O", "O", "O", "O", "O", "O", "O", "O", "O", "O", "O", "O", "O", "O", "O", "O", "O", "O", "O", "O", "O", "O", "O", "O", "O", "O", "O", "O", "O", "O", "O", "O", "O", "O", "O", "O", "O", "O", "O", "O", "O", "O", "O", "O", "O", "O", "O", "O", "O", "O", "O", "O", "O", "O", "O", "O", "O", "O", "O", "O", "O", "O", "O", "O", "O", "O", "O", "O", "O", "O", "O", "O", "O", "O", "O", "O", "O", "O", "O", "O", "O", "O", "O", "O", "O", "O", "O", "O", "O", "O", "O", "O", "O", "O", "O", "O", "O", "O", "O", "O", "O", "O", "O", "O", "O", "O", "O", "O"]}
{"words": ["Eerstnae", "Ceijlon", "om", "Colombo", "te", "win"], "events": ["O", "O", "O", "O", "O", "O"]}
{"words": ["bbkhm", ".", "dr.", "nbootd", "t5", ".", "n", "tot", "19", "t.", "mb", ".", "gedebd", ".", "/", "\u2014"], "events": ["O", "O", "O", "O", "O", "O", "O", "O", "O", "O", "O", "O", "O", "O", "O", "O"]}
{"words": ["bedanckende", "voor", "de", "goede", "sorge", "die", "vEd", "hebben", "gelieven", "te", "draagen", "voor", "haaren", "Staet", "in", "deselanden", ",", "ende", "dat", "geresolveert", "hebben", "deselve", "te", "succtreren", "met", "soodanigen", "costelycken", "macht", "Schepen", ",", "volck", ",", "ende", "Capitael", ",", "Godt", "geve", "dat", "wij", "vEd", ":", "e", "daer", "te", "sijner", "tijt", "de", "verhoopte", "vruchten", "voor", "mogen", "bestellen", ",", "\u2014"], "events": ["O", "O", "O", "O", "O", "O", "O", "O", "O", "O", "O", "O", "O", "O", "O", "O", "O", "O", "O", "O", "O", "O", "O", "O", "O", "O", "O", "O", "O", "O", "O", "O", "O", "O", "O", "O", "O", "O", "O", "O", "O", "O", "O", "O", "O", "O", "O", "O", "O", "O", "O", "O", "O", "O"]}
{"words": ["Terwijl", ",", "het", "bovengenoemde", "Schip", "de", "Oostindische", "\u2014", "Coopman", "tot", "bantam", "langer", "opgehouden", "wert", ",", "als", "wy", "hadden", "gedacht", ",", "Soo", "hebben", "middelerwijle", "noch", "van", "dese", "reede", "afgeveerdicht", "nae", "Tayoan", "het", "Schip", "nieuw", "Enckhuijsen", ",", "op", "19", ".", "Junij", "met", "een", "\u2014", "Cargasoen", "bedragende", "\u0192", "149276\u201e-", "\u201e", "4", "\u201e", "ende", "na", "Japan", "op", "7", ".", "deser", "de", "Jachten", ",", "angelier", "ende", "houtelande", ",", "met", "\u0192", "597603", "\u201e", "2", "\u201e", "6", "\u201e", "ende", "verhoopen", "voor", "de", "laeste", "\u2014", "besendinge", "in", "corte", "noch", "na", "Tayoan", "af", "te", "steecken", "\u2014", "het", "fluijt", "Schip", "de", "Coninck", "David", ",", "met", "het", "\u2014", "geene", "noch", "aen", "den", "gedaanen", "Eijsch", "voor", "de", "noort", "\u2014", "gebreeckt", ",", "waermede", "die", "quartieren", "haer", "bestellinge", "voor", "dit", "Jaer", "sullen", "wech", "hebben", ",", "uytgesondert", "dat", "noch", "goetgevonden", "ende", "vast", "gestelt", "hebben", "voor", "de", "\u2014", "derdemael", "besendinge", "na", "Canton", "te", "doen", ",", "op", "hoope", "van", "beter", "succes", "\u201e", "waer", "toe", "hebben", "aengelejt", "de", "\u2014", "Jachten", "blommendael", "ende", "koukercke", ",", "die", "mede", "\u2014", "buien", "3", "of", "4", ".", "daagen", ",", "staen", "te", "vertrecken", ",", "met", "een", "statige", "legatie", "aenden", "grooten", "Heer", "van", "Tartaria", ",", "in", "packin", "residerende", ",", "om", "welcke", "uijt", "te", "voeren", "\u2014", "genomineert", "syn", "de", "Cooplieden", ",", "Pieter", "de", "goijer", "ende", "Jacob", "Keijser", "gewesen", "opperhooft", "in", "Tonckin", "\u2014"], "events": ["O", "O", "O", "O", "O", "O", "O", "O", "O", "O", "O", "O", "O", "O", "O", "O", "O", "O", "O", "O", "O", "O", "O", "O", "O", "O", "O", "O", "O", "O", "O", "O", "O", "O", "O", "O", "O", "O", "O", "O", "O", "O", "O", "O", "O", "O", "O", "O", "O", "O", "O", "O", "O", "O", "O", "O", "O", "O", "O", "O", "O", "O", "O", "O", "O", "O", "O", "O", "O", "O", "O", "O", "O", "O", "O", "O", "O", "O", "O", "O", "O", "O", "O", "O", "O", "O", "O", "O", "O", "O", "O", "O", "O", "O", "O", "O", "O", "O", "O", "O", "O", "O", "O", "O", "O", "O", "O", "O", "O", "O", "O", "O", "O", "O", "O", "O", "O", "O", "O", "O", "O", "O", "O", "O", "O", "O", "O", "O", "O", "O", "O", "O", "O", "O", "O", "O", "O", "O", "O", "O", "O", "O", "O", "O", "O", "O", "O", "O", "O", "O", "O", "O", "O", "O", "O", "O", "O", "O", "O", "O", "O", "O", "O", "O", "O", "O", "O", "O", "O", "O", "O", "O", "O", "O", "O", "O", "O", "O", "O", "O", "O", "O", "O", "O", "O", "O", "O", "O", "O", "O", "O", "O", "O", "O", "O", "O", "O", "O", "O", "O", "O", "O", "O", "O", "O", "O"]}
{"words": ["Godt", "geve", "dat", "de", "oncosten", ",", "die", "daer", "toe", "worden", "\u2014", "547.-", "aengewendt", ",", "niet", "vruchteloos", "ende", "te", "vergeefs", "en", "\u2014", "mogen", "worden", "gedaen", ",", "\u2014", "Na", "gemaeckten", "overslach", "ende", "Calculatie", "der", "\u2014", "Cargasoenen", "van", "hier", ",", "Siam", ",", "ende", "Tyjoan", ",", "bij", "behouden", "vaaren", "der", "schepen", ",", "desen", "Jare", "in", "Jnpan", "=", "\u201e", "te", "verschijnen", ",", "met", "de", "winsten", "daer", "op", "verhoopt", ",", "soo", "staet", "aldaer", "int", "geheel", ",", "een", "Capitael", "te", "wesen", "van", "Robidat", " ", "g", "=", "o", ",", "om", "in", "Schuijt", "silver", ",", "Cooper", "\u2014", "ende", "andere", "Coopmanschappen", "omgeset", "te", "werden", "Dat", "godt", "geve", "behouden", "ter", "geordonneerde", "plaetse", "arriveren", "mach/"], "events": ["O", "O", "O", "O", "O", "O", "O", "O", "O", "O", "O", "O", "O", "O", "O", "O", "O", "O", "O", "O", "O", "O", "O", "O", "O", "O", "O", "O", "O", "O", "O", "O", "O", "O", "O", "O", "O", "O", "O", "O", "O", "O", "O", "O", "O", "O", "O", "O", "O", "O", "O", "O", "O", "O", "O", "O", "O", "O", "O", "O", "O", "O", "O", "O", "O", "O", "O", "O", "O", "O", "O", "O", "O", "O", "O", "O", "O", "O", "O", "O", "O", "O", "O", "O", "O", "O", "O", "O", "O", "O", "O", "O", "O", "O", "O", "O", "O", "O", "O", "O", "O", "O", "O"]}
{"words": ["28", ".", "Juniy", "arriveert", "alhier", "van", "Golor", "het", "Jacht", "de", "Haes", "met", "den", "Coopman", "Hendrick", "ter", "Horst", ",", "hebbende", "voor", "sijn", "vertreck", ",", "volgens", "onse", "ordre", ",", "\u2014", "Transport", "van", "den", "ommeslach", ",", "aldaer", "gedaen", "aenden", "Cap", "=", "n", "Jacob", "verheijden", ",", "Tusschen", "de", "portugesen", "\u2014", "ende", "ons", "en", "is", "in", "het", "selve", "quartier", "dit", "jaer", "niet", "sonders", "voorgevallen", ",", "maer", "deselve", "is", "inde", "maendt", "april", "jongstleeden", "een", "grooten", "afbrenck", "geschiet", "door", "het", "afvallen", "vanden", "Gonnebaiyer", "op", "Timor", "met", "syne", "adherenten", ",", "synde", "voor", "desen", "een", "van", "haere", "\u2014", "getrouste", "ende", "vermogenste", "bondt", "genoten", "geweest", ",", "hebbende", "alle", "de", "portugesen", ",", "die", "in", "sijn", "landt", "gevonden", "wierden", ",", "dootgeslaagen", ",", "haere", "goederen", "\u2014", "gerooft", ",", "ende", "de", "kercken", "ende", "huijsen", "inden", "brandt", "gesteken", "ende", "vernielt", ",", "mitsgaders", "ons", "voort", "tot", "syn", "adsistentie", "ende", "bescherminge", "versocht", ",", "die", "haer", "na", "vermogen", "soude", "worden", "verleent", ","], "events": ["O", "O", "O", "O", "O", "O", "O", "O", "O", "O", "O", "O", "O", "O", "O", "O", "O", "O", "O", "O", "O", "O", "O", "O", "O", "O", "O", "O", "O", "O", "O", "O", "O", "O", "O", "O", "O", "O", "O", "O", "O", "O", "O", "O", "O", "O", "O", "O", "O", "O", "O", "O", "O", "O", "O", "O", "O", "O", "O", "O", "O", "O", "O", "O", "O", "O", "O", "O", "O", "O", "O", "O", "O", "O", "O", "O", "O", "O", "O", "O", "O", "O", "O", "O", "O", "O", "O", "O", "O", "O", "O", "O", "O", "O", "O", "O", "O", "O", "O", "O", "O", "O", "O", "O", "O", "O", "O", "O", "O", "O", "O", "O", "O", "O", "O", "O", "O", "O", "O", "O", "O", "O", "O", "O", "O", "O", "O", "O", "O", "O", "O", "O", "O", "O", "O", "O", "O", "O", "O", "O", "O", "O", "O", "O"]}
{"words": ["mall", "."], "events": ["O", "O"]}
{"words": ["Tot", "welcken", "eijnde", "het", "jacht", "hoorn", "daer", "noch", "overgebleven", "is", ",", "ende", "sal", "by", "ons", "op", "het", "vervolch", "van", "die", "saecke", "te=", "sijner", "tijt", "nader", "worden", "geleth", ",", "om", ",", "met", "Godes", "=", "t", "hulpe", ",", "eens", "tot", "het", "oogh", "wit", ",", "daer", "soo", "veele", "jaren", "\u2014", "na", "gedoelt", "is", "te", "geraecken/.", "Soo", "verschynt", "hier", "mede", "op", "9", ".", "deser", "een", "der", "drie", "\u201e", "guinamse", "joncken", ",", "daer", "wij", "in", "onse", "meer", "gem", "jongste", "van", "hebben", "vermelt", "dat", "in", "palembangh", "leggen", ",", "op", "hebbende", "30", ".", "nederlanders", ",", "soo", "matroos", ",", "en", "als", ".", "sold", ":", "t", "met", "adjsen", "vanden", "Coopman", "anthoniy", "boeij", ",", "die", "wij", "met", "d", "'", "fluijt", "den", "Os", ",", "t", "'", "Jacht", "de", "Cath", "ende", "twee", "Chaloupen", "op", "deselve", "hadden", "uijtgeset", "gedateert", "30", "maij", "verleden", ",", "onder", "anderen", "inhoudende", "hoe", "dat", "hy", "mette", "voorsz", "schepen", "ende", "vaartuijgen", "in", "palembangh", "gecomen", "sijnde", ",", "ende", "metten", "Pangorangh", "over", "het", "\u2014", "nemen", "vandeselve", "joncken", "tracterende", ",", "daer", "ettelycke", "\u201e", "daagen", "met", "doorliepen", ",", "de", "nachodas", "derselver", ",", "eiyndeli", ",", "geen", "middel", "soo", "het", "schijnt", "siende", "te", "ontcomen", ",", "van", "\u2014", "self", "gecomen", "sijn", ",", "ende", "haere", "joncken", "en", "ingeladen", "\u2014", "Cargasoenen", "goetwillich", "in", "handen", "vanden", "voors", "\u2014", "Coopman", ",", "overgegeven", "hebben", ",", "eenelyck", "voor", "\u2014", "haere", "persoonen", "ende", "volck", "bedingende", "vrijdom", ",", "om", "haer", "van", "palembangh", "na", "batavia", "ofte", "\u2014", "malacca", "te", "mogen", "Transporteren", ",", "het", "welck", "haer", "niet", "wel", "conde", "worden", "geweygent", ",", "de", "ladinge", "die", "\u2014", "indeselve", "Ioncken", "bevonden", "is", "bestaet", "uijt", "1900", ".", "p", ":", "l", "peper", "ende", "400", ".", "p.", "s", "Cattoen", ",", "waer", "van", "de", "peper", "met", "de", "voorsz", "Jonck", ",", "byj", "de", "onse", "genaemt", "de", "goede", "fortuijn", ",", "hier", "is", "aengebracht", ",", "synde", "een", "nieuw", "\u2014"], "events": ["O", "O", "O", "O", "O", "O", "O", "O", "O", "O", "O", "O", "O", "O", "O", "O", "O", "O", "O", "O", "O", "O", "O", "O", "O", "O", "O", "O", "O", "O", "O", "O", "O", "O", "O", "O", "O", "O", "O", "O", "O", "O", "O", "O", "O", "O", "O", "O", "O", "O", "O", "O", "O", "O", "O", "O", "O", "O", "O", "O", "O", "O", "O", "O", "O", "O", "O", "O", "O", "O", "O", "O", "O", "O", "O", "O", "O", "O", "O", "O", "O", "O", "O", "O", "O", "O", "O", "O", "O", "O", "O", "O", "O", "O", "O", "O", "O", "O", "O", "O", "O", "O", "O", "O", "O", "O", "O", "O", "O", "O", "O", "O", "O", "O", "O", "O", "O", "O", "O", "O", "O", "O", "O", "O", "O", "O", "O", "O", "O", "O", "O", "O", "O", "O", "O", "O", "O", "O", "O", "O", "O", "O", "O", "O", "O", "O", "O", "O", "O", "O", "O", "O", "O", "O", "O", "O", "O", "O", "O", "O", "O", "O", "O", "O", "O", "O", "O", "O", "O", "O", "O", "O", "O", "O", "O", "O", "O", "O", "O", "O", "O", "O", "O", "O", "O", "O", "O", "O", "O", "O", "O", "O", "O", "O", "O", "O", "O", "O", "O", "O", "O", "O", "O", "O", "O", "O", "O", "O", "O", "O", "O", "O", "O", "O", "O", "O", "O", "O", "O", "O", "O", "O", "O", "O", "O", "O", "O", "O", "O", "O", "O", "O", "O", "O", "O", "O", "O", "O", "O", "O", "O", "O", "O", "O", "O", "O", "O", "O", "O", "O", "O", "O", "O", "O", "O", "O", "O", "O", "O", "O", "O", "O", "O", "O", "O", "O", "O", "O", "O", "O", "O", "O", "O", "O", "O", "O", "O", "O", "O", "O", "O", "O", "O"]}
{"words": ["hecht", "'", "schip", "groot", "ongeveer", "200", "lasten", ",", "maer", "de", "andere", "noch", "in", "palembangh", "verbleven", ",", "sijn", "\u2014", "vry", "wat", "cleiynder", ",", "ende", "een", "derselver", "oudt", "ende", "leek", ",", "De", "Chinese", "Jonck", "daer", "in", "onse", "voorige", "mede", "van", "staet", "vermelt", ",", "heeft", "haere", "ingeladen", "\u2014", "Peper", "uyt", "last", "des", "Pangorans", ",", "volgens", "het", "Contract", "dat", "de", "Comp", ":", "e", "met", "hem", "heeft", ",", "aende", "fluijt", "den", "os=", "Overgegeven", ",", "en", "is", "niet", "de", "genoemde", "goede", "fortuijn", "herwaerts", "aengeseijlt", ",", "doch", "al", "int", "eerste", "daer", "van", "geraect", ",", "wellicht", "dat", "siy", "het", "voort", "na", "China", "\u2014", "sullen", "hebben", "laaten", "voortstaen", ",", "alsoo", "het", "mousson", "begint", "te", "verloopen", ",", "daer", "gansch", "weynich", "aen", "\u2014", "gelegen", "is", ",", "naer", "diense", "geen", "peper", "mede", "voeren", ",", "\u2014", "Jnvougen", "dat", "onse", "jntentie", "mette", "voorsz", "besendinge", "na", "palembangh", "gelinckich", "uiytgevoert", "sij", ",", "De", "\u2014", "verscheyningh", "onser", "schepen", "om", "den", "handel", "\u2014", "aldaer", "te", "hervatten", "was", "den", "pangoran", "ende", "\u2014", "grooten", "seer", "aengenaem", ",", "hebbende", "op", "nieuw", "\u2014", "geconfirmeert", "dat", "geen", "peper", "van", "daer", "vervoert", "en", "sal", "werden", ",", "t'en", "sy", "na", "batavia", "ofte", "malacca", ",", "ende", "dat", "wij", "daer", "t", "'", "allen", "tiyden", "weder", "een", "logie", "\u2014", "sullen", "mogen", "begrijpen", ",", "als", "het", "ons", "sal", "goet", "duncken", ",", "het", "welck", "wij", "onnodich", "achten", "soo", "\u2014", "langh", "ons", "den", "peper", "door", "particulieren", "toegebracht", "wort", ",", "ende", "oock", "altemet", "als", "het", "gelegen", "comt", "met", "een", "schip", "gehaelt", "can", "werden", ".", "Den", "of", "staet", "in", "corte", "volladen", "herwaerts", "te", "comen", ",", "maer", "\u2014", "het", "Jacht", "de", "Cath", "sal", "van", "daer", ",", "volgens", "onse"], "events": ["O", "O", "O", "O", "O", "O", "O", "O", "O", "O", "O", "O", "O", "O", "O", "O", "O", "O", "O", "O", "O", "O", "O", "O", "O", "O", "O", "O", "O", "O", "O", "O", "O", "O", "O", "O", "O", "O", "O", "O", "O", "O", "O", "O", "O", "O", "O", "O", "O", "O", "O", "O", "O", "O", "O", "O", "O", "O", "O", "O", "O", "O", "O", "O", "O", "O", "O", "O", "O", "O", "O", "O", "O", "O", "O", "O", "O", "O", "O", "O", "O", "O", "O", "O", "O", "O", "O", "O", "O", "O", "O", "O", "O", "O", "O", "O", "O", "O", "O", "O", "O", "O", "O", "O", "O", "O", "O", "O", "O", "O", "O", "O", "O", "O", "O", "O", "O", "O", "O", "O", "O", "O", "O", "O", "O", "O", "O", "O", "O", "O", "O", "O", "O", "O", "O", "O", "O", "O", "O", "O", "O", "O", "O", "O", "O", "O", "O", "O", "O", "O", "O", "O", "O", "O", "O", "O", "O", "O", "O", "O", "O", "O", "O", "O", "O", "O", "O", "O", "O", "O", "O", "O", "O", "O", "O", "O", "O", "O", "O", "O", "O", "O", "O", "O", "O", "O", "O", "O", "O", "O", "O", "O", "O", "O", "O", "O", "O", "O", "O", "O", "O", "O", "O", "O", "O", "O", "O", "O", "O", "O", "O", "O", "O", "O", "O", "O", "O", "O", "O", "O", "O", "O", "O", "O", "O", "O", "O", "O", "O", "O", "O", "O", "O", "O", "O", "O", "O", "O", "O", "O", "O", "O", "O", "O", "O", "O", "O", "O", "O", "O", "O", "O", "O", "O"]}
{"words": ["Ordre", "over", "malacca", "naer", "Bengale", "verseijlen", "\u2014", "om", "aldaer", "gebruyjckt", "te", "worden", "1", ".", "gister", ".", "\u2014", "avondt", "comt", "van", "Banda", ",", "hier", "ter", "reede", "de", "fluijt", "\u2014", "de", "salm", "met", "54340", "Catti", "banda", "nooten", "muscaten", "in", "soorte", ",", "ende", "247", ".", "sockels", "soeille", ",", "mitsgaders", "\u2014", "advyjsen", "vanden", "Gouverneur", "ende", "den", "raedt", "\u2014", "van", "23", ".", "Julij", ",", "van", "geen", "bysondere", "veranderinge", "meldende", ",", "hier", "waerdich", "te", "verhaalen", ",", "t'aenstaen", "Saiysoen", "verhoopen", "wij", "UEd", ".", "met", "de", "hulpe", "\u2014", "toe", "te", "senden", "ne", "Godes", ".", "VEd", "intb", ",", "mb", ".", "h6gdb", ":", "R.", "klintbk", ".", "\u2014", "teweten", "4", "veer", "Amhup6f", "6d", ".", "te", "weten", ".", "N.", "ptth", ".", "111", ".", "9", ".", "ptth", "X", "X11", "kant", "/", "voor", "Delft", "M.", "ptth", ".", "XxVII", "M", "ptth", "X", "XVIiI.", "M.", "ptth", ".", "Soo", "terstont", "ontfangen", "een", "brief", "uijt", "de", "straet", "\u2014", "Sumda", "van", "het", "schip", "Prins", "willem", "gedateert", "10", "..", "deser", "voor", "de", "negriy", "anjer", ",", "alwaer", "het", "selve", "dien", "dagh", "met", "gesont", "volck", "aengecomen", "was", ";", "sonder", "van", "het", "Jacht", "Domburgh", "te", "gewagen", ",", "Hiermede", "Eedle", ".", "Erntfeste", ",", "Wijse", "voorsienige", "seer", "discrere", "'", "Heeren", "naer", "onse", "Condiale", "groete", "inde", "Bescherminge", ".", "des", "Alderhoochsten", "bevelen", ".", "/.", "\u2014", "Jn", "V.", "Ed.", "Casteel", "Batavia", "den", "12", "Julij", ".", "a", ":o", "1655", "D", "Ed.", "Vrouwschuldige", "dienaren", "dene", "DGouv", "r", "Generael", "en", "Raaden", "van", "India", "Joan", "Maetsuiysees", "Geaard", "Heelft", "Cavel", "hartzinck", "Joan", "Cureere", ".", "Nuglus", "Verbuerch", "1", "d", "Rsteur", "Pr", "vanden", "Boogaerdes"], "events": ["O", "O", "O", "O", "O", "O", "O", "O", "O", "O", "O", "O", "O", "O", "O", "O", "O", "O", "O", "O", "O", "O", "O", "O", "O", "O", "O", "O", "O", "O", "O", "O", "O", "O", "O", "O", "O", "O", "O", "O", "O", "O", "O", "O", "O", "O", "O", "O", "O", "O", "O", "O", "O", "O", "O", "O", "O", "O", "O", "O", "O", "O", "O", "O", "O", "O", "O", "O", "O", "O", "O", "O", "O", "O", "O", "O", "O", "O", "O", "O", "O", "O", "O", "O", "O", "O", "O", "O", "O", "O", "O", "O", "O", "O", "O", "O", "O", "O", "O", "O", "O", "O", "O", "O", "O", "O", "O", "O", "O", "O", "O", "O", "O", "O", "O", "O", "O", "O", "O", "O", "O", "O", "O", "O", "O", "O", "O", "O", "O", "O", "O", "O", "O", "O", "O", "O", "O", "O", "O", "O", "O", "O", "O", "O", "O", "O", "O", "O", "O", "O", "O", "O", "O", "O", "O", "O", "O", "O", "O", "O", "O", "O", "O", "O", "O", "O", "O", "O", "O", "O", "O", "O", "O", "O", "O", "O", "O", "O", "O", "O", "O", "O", "O", "O", "O", "O", "O", "O", "O", "O", "O", "O", "O", "O", "O", "O", "O", "O", "O", "O", "O", "O", "O", "O", "O", "O", "O", "O", "O", "O", "O", "O", "O", "O", "O", "O", "O", "O", "O", "O", "O", "O", "O", "O", "O", "O", "O", "O", "O", "O", "O", "O", "O", "O", "O", "O", "O", "O", "O"]}
{"words": ["gen", "retourschepen", "sterdam", "2", "voor", "2e8", "een", "voor", "Rotterdam", "end", "een", "voor", "Enchuijsen", "X", "X", "X.", "1", "."], "events": ["O", "O", "O", "O", "O", "O", "O", "O", "O", "O", "O", "O", "O", "O", "O", "O", "O", "O"]}
