{"words": ["Nagesien"], "events": ["O"]}
{"words": ["Ooromoo"], "events": ["O"]}
{"words": ["Aan", "den", "wel", "Edelen", "groot", "agtb", ":", "heere", "Julius", "Valentijn", "stein", "van", "Pollenesse", ",", "Raad", "ordinaris", "van", "Nederlands", "India", ",", "gouverneur", "Ceijlon", "en", "directeur", "del", "Eijlands", "en", "dies", "onderhoorigheeden"], "events": ["O", "O", "O", "O", "O", "O", "O", "O", "O", "O", "O", "O", "O", "O", "O", "O", "O", "O", "O", "O", "O", "O", "O", "O", "O", "O", "O", "O", "O"]}
{"words": ["Edele", "groot", "agtb", ":", "Bei", "Hoog", "Gebiedende", "Heere", "."], "events": ["O", "O", "O", "O", "O", "O", "O", "O", "O"]}
{"words": ["De", "grootmoeder", "van", "den", "overleden", "Candiesen", "vorst", "met", "het", "2:e", "vaartuijg", "alhier", "aangekomen", ",", "bevind", "zig", "tot", "als", "nog", "op", "marticattij", ",", "en", "die", "zoo", "genaamde", "grootmoeder", "op", "Bakenburg", ":", "en", "zal", "uwel", "Edele", "groot", "agtb", ":", "betuij", "\u201e", "gen", ",", "dat", "op't", "gecommuniceerde", "bij", "brief", "van", "den", "10", ":", "'", "deser", "namentlijk", "die", "op", "Bakenburg", "zijn", ",", "ten", "eijgen", "Coste", "onderhoud", "heb", "gegeven", ",", "en", "haar", "woon", "met", "linnen", "doen", "bekleden", ",", "gelijk", "haar", "nog", "zal", "onderhouden", "tot", "haar", "vertrek", "dat", "zij"], "events": ["O", "O", "O", "O", "O", "O", "O", "O", "O", "O", "O", "O", "O", "O", "O", "O", "O", "O", "O", "O", "O", "O", "O", "O", "O", "O", "O", "O", "O", "O", "O", "O", "O", "O", "O", "O", "O", "O", "O", "O", "O", "O", "O", "O", "O", "O", "O", "O", "O", "O", "O", "O", "O", "O", "O", "O", "O", "O", "O", "O", "O", "O", "O", "O", "O", "O", "O", "O", "O", "O", "O", "O", "O", "O", "O", "O", "O", "O", "O", "O", "O", "O", "O"]}
{"words": ["geen", "reden", "van", "klagen", "tot", "nog", "toe", "hebben", ";", "dewijle", "verstaan", "heb", "zij", "aan", "den", "Jongen", "vorst", "geparenteert", "zijn", ",", "maar", "hebben", "zig", "tot", "nog", "toe", "geen", "hofs", "grooten", "opgedaan", ",", "al", "hoewel", "ik", "aan", "de", "afgekomene", "Candianen", "vermeld", "bij", "mijn", "nedrige", "schrijven", "van", "gisterigen", "dato", ",", "tot", "nader", "ordre", "van", "uwel", "Edele", "groot", "agtb", ":", "zulx", "heb", "afgesegt", ",", "'t", "verzoek", "'", "sComp", ":", "wegen", "om", "paddij", "te", "vertrekken", ";", "dog", "zal", "bij", "opdaging", "der", "hofsgroten", "den", "laast", "gem", ":", "met", "alle", "respect", "laten", "vertrekken", ",", "nevens", "de", "linwaten", "die", "zij", "betuigd", "de", "hare", "te", "zijn", ",", "en", "de", "overige", "kledere", "nevens", "eenige", "van", "het", "thonijs", "volk", "hier", "tot", "uwel", "Edele", "groot", "agtb", ":", "nader", "ordre", "aanhouden", "en", "is", "hier", "waarlijk", "wel", "Edele", "groot", "agtb", ":", "heere", "mijns", "wetens", "nog", "niets", "gedaan", ",", "waar", "door", "het", "hof", "in", "enig", "misnoegen", "met", "dE", ":", "Comp", ":", "zoude", "kunnen", "geraken", ",", "daar", "ook", "zal", "tragten", "soo", "veel", "in", "al", "mijn", "vermogh", "is", "zorge", "voorte", "dragen/", "en", "de", "hofl", ".", "grooten", "zoveel", "respect", "bewijzen", "dat", "deselve", "zoo", "vergenoegt", "vertrekken", "als", "die", "oude", "groot", "moeder", "welke", "tot", "nog", "op", "marticattij", "is", ".", "\u2014", ".", "Blijvende", "bij", "desen", "uwel", "Edele", "groot", "agtb", ":", "wel", "in", "de", "hoogste", "graat", "verpligt", ",", "voor", "derzelver", "zoo", "vaderlijke", "bewijsens"], "events": ["O", "O", "O", "O", "O", "O", "O", "O", "O", "O", "O", "O", "O", "O", "O", "O", "O", "O", "O", "O", "O", "O", "O", "O", "O", "O", "O", "O", "O", "O", "O", "O", "O", "O", "O", "O", "O", "O", "O", "O", "O", "O", "O", "O", "O", "O", "O", "O", "O", "O", "O", "O", "O", "O", "O", "O", "O", "O", "O", "O", "O", "O", "O", "O", "O", "O", "O", "O", "O", "O", "O", "O", "O", "O", "O", "O", "O", "O", "O", "O", "O", "O", "O", "O", "O", "O", "O", "O", "O", "O", "O", "O", "O", "O", "O", "O", "O", "O", "O", "O", "O", "O", "O", "O", "O", "O", "O", "O", "O", "O", "O", "O", "O", "O", "O", "O", "O", "O", "O", "O", "O", "O", "O", "O", "O", "O", "O", "O", "O", "O", "O", "O", "O", "O", "O", "O", "O", "O", "O", "O", "O", "O", "O", "O", "O", "O", "O", "O", "O", "O", "O", "O", "O", "O", "O", "O", "O", "O", "O", "O", "O", "O", "O", "O", "O", "O", "O", "O", "O", "O", "O", "O", "O", "O", "O", "O", "O", "O", "O", "O", "O", "O", "O", "O", "O", "O", "O", "O", "O", "O", "O", "O", "O", "O", "O", "O", "O", "O", "O", "O", "O", "O", "O", "O", "O", "O", "O", "O", "O", "O", "O"]}
{"words": ["groote", "genegentheid", "t", "'", "mij", "waarts", ",", "omme", "mij", "door", "een", "particuliere", "brief", "en", "vaartuijg", ",", "mijne", "fauten", "aante", "thonen", ",", "dat", "door", "mij", "altijd", "dankbaarlijk", "zal", "erkent", "worden", ",", "met", "welke", "versekering", "ik", "mij", "in", "onderdanigheit", "na", "salutaire", "groete", "zal", "noemen", ".", "/:onderstond:/", "wel", "Edele", "groot", "agtb", ":", "r", "hoog", "gebiedende", "heere", ",", "uwel", "Edele", "groot", "agtb", ":", "ootmoedigen", "dienaars", "/:was", "getekent:/", "R", ":", "s", "Croonenburgh", "/:in", "margine:/", "Manaar", "den", "21:e", "7ber", ":", "A", "\u201e", "o", "1747", "."], "events": ["O", "O", "O", "O", "O", "O", "O", "O", "O", "O", "O", "O", "O", "O", "O", "O", "O", "O", "O", "O", "O", "O", "O", "O", "O", "O", "O", "O", "O", "O", "O", "O", "O", "O", "O", "O", "O", "O", "O", "O", "O", "O", "O", "O", "O", "O", "O", "O", "O", "O", "O", "O", "O", "O", "O", "O", "O", "O", "O", "O", "O", "O", "O", "O", "O", "O", "O", "O", "O", "O", "O", "O", "O", "O", "O", "O", "O", "O", "O"]}
{"words": ["Accordeert", "."], "events": ["O", "O"]}
{"words": ["Jean", "Mipr", "Jsne", "Clercq"], "events": ["O", "O", "O", "O"]}
