{"words": ["Van", "Bengale", "dato", "20", ".", "Februarij", "1678"], "events": ["O", "O", "O", "O", "O", "O", "O"]}
{"words": ["bevestight", "en", "alsoo", "sijn", "Iongste", "verbandt", "van", "drie", "Iaren", "den", "24:en", "meij", "ao", "1677", "is", "komen", "te", "Expireeren", ",", "soo", "gaat", "bij", "desen", "sij", "requeste", "tot", "uEd", "=", "le", "Hooge", "agtb", "=", "re", "over", ",", "waer", "bij", "omde", "qualiteijt", "van", "ondercoopman", ",", "ende", "gagie", "daer", "toestaende", "is", "versoeckende", ",", "en", "waernevens", "oocq", "getuijgenisse", "moeten", "geven", ",", "dat", "voorn", ":", "Hisselt", "insijne", "bedieninge", "als", "EerstClercq", "en", "secrt", "=", "s", "ons", "volcomen", "Contentement", "heeft", "gegeven", ",", "en", "ooiq", "sijne", "dagelxe", "goede", "Compertementen", "die", "qualiteijt", "wel", "meriteert", ",", "en", "waer", "toe", "uEd", "=", "le", "hoog", "agtb", ":", "hem", "believende", "te", "advanceeren", ",", "sal", "hij", "met", "allen", "schuldigen", "ijver", "sig", "sulx", "tragten", "waerdig", "te", "maecken"], "events": ["O", "O", "O", "O", "O", "O", "O", "O", "O", "O", "O", "O", "O", "O", "O", "O", "O", "B-EndingContractualAgreement", "O", "O", "O", "O", "O", "O", "B-Request", "O", "O", "O", "O", "O", "O", "O", "O", "O", "O", "O", "O", "O", "O", "O", "O", "O", "O", "O", "O", "O", "O", "B-Request", "O", "O", "O", "O", "O", "O", "B-Giving", "O", "O", "O", "O", "O", "O", "O", "O", "O", "O", "O", "O", "O", "O", "O", "O", "O", "B-Giving", "O", "O", "O", "O", "O", "O", "O", "O", "O", "O", "O", "O", "O", "O", "O", "O", "O", "O", "O", "O", "O", "O", "B-Request", "O", "B-SocialStatusChange", "O", "O", "O", "O", "O", "O", "O", "O", "O", "O", "O", "O", "O"]}
{"words": ["Den", "15:e", "Courant", "is", "oocq", "beneden", "op", "de", "Rivierde", "ganges", "godtsij", "loff", "behouden", "komen", "te", "arriveeren", "de", "fluijt", "de", "berckmeer", ",", "nog", "voor't", "sluijten", "deses", "advijseeren", "ons", "de", "deccase", "opperhooffden", "bij", "een", "brieff", "van", "15", "Court", ",", "dat", "sij", "agter", "volgens", "onse", "ordre", "om", "van", "het", "passeeren", "van", "een", "verbant", "schrift", "aengaende", "het", "Cooperen", "vervoeren", "van", "moorse", "slaven", ",", "wij", "bevrijt", "mogen", "blijven", ",", "bij", "'s", "princenduanhagie", "mannerh", "tselve", "wel", "hebben", "tragten", "te", "bewercken", ",", "dog", "van", "zijn", "E", "ten", "antwoort", "becomen", ",", "het", "'s", "Conincx", "ordre", "te", "wesen", ",", "en", "als", "sijne", "maij", ":", "t", "onse", "onwilligh", "=", "t", "ter", "ooren", "quam", ",", "hij", "met", "een", "gestoort", "gemoet", "wel", "ordonneeren", ",", "soude", ",", "'s", "E", "Comp", "=", "s", "Logies", "aff", "te", "breecken", ",", "en", "uijt", "Bengale", "te", "doen", "\u2014", "Verhuijsen", ",", "doordient", "zijn", "maij", "=", "t", "30", "\u00e2", "40O", "lb", "a", "die", "d", "ECompe", "Iaer", "Ex", ":", "ca", "maer", "vertolde", ",", "niet", "aenquam"], "events": ["O", "O", "O", "O", "O", "O", "O", "O", "O", "O", "O", "O", "O", "B-Arriving", "I-Arriving", "I-Arriving", "O", "O", "O", "O", "O", "O", "O", "O", "O", "B-SocialInteraction", "O", "O", "O", "O", "O", "O", "O", "O", "O", "O", "O", "O", "O", "O", "O", "O", "B-SocialInteraction", "O", "O", "O", "B-Transportation", "O", "O", "O", "O", "O", "O", "B-Trade", "B-Buying", "B-Transportation", "O", "O", "O", "O", "B-Request", "I-Request", "I-Request", "O", "O", "O", "O", "O", "O", "O", "O", "O", "O", "O", "O", "O", "O", "O", "O", "O", "O", "B-Giving", "B-Getting", "O", "O", "O", "O", "O", "O", "O", "O", "O", "O", "O", "O", "O", "O", "O", "O", "O", "B-SocialInteraction", "I-SocialInteraction", "I-SocialInteraction", "O", "O", "O", "O", "B-HavingInternalState-", "I-HavingInternalState-", "O", "B-ForceToAct", "O", "O", "O", "O", "O", "O", "O", "O", "O", "B-Destroying", "I-Destroying", "I-Destroying", "O", "O", "O", "O", "O", "O", "O", "B-Leaving", "O", "O", "O", "O", "O", "O", "O", "O", "O", "O", "O", "O", "O", "O", "O", "O", "O", "O", "O", "O", "O", "O", "B-Arriving"]}
