{"words": ["Van", "Cabo", "de", "Goede", "Hoop", "den", "4", ":", "'", "xber", "A", ":o", "1686"], "events": ["O", "O", "O", "O", "O", "O", "O", "O", "O", "O", "O", "O", "O"]}
{"words": ["de", "schipper", "en", "andere", "officieren", "verhalen", "ons", ",", "hoe", "sij", "den", "7=", "'", "aug", "=", "to", "Jongst", "inde", "bhaij", "van", "maringande", "op", "madagascar", "aangeland", "zynde", ",", "aldaar", "eenige", "matrosen", "van", "'t", "schip", "westerwijk", "aan", "troffen", "die", "hun", "bekent", "maakten", ",", "hoeden", "23", ":", "'", "februarij", "lestleden", "'", "tselve", "door", "een", "moors", "vaartuijg", "met", "engels", ",", "France", "en", "Hollanders", "genand", ",", "terwijl", "de", "schipper", "met", "de", "boekhouder", "wegens", "slavenhandel", "an", "land", "waren", ",", "indier", "voegen", "wiert", "weggenomen", ",", "als", "breder", "bi", "d'nevensgaande", "twee", "verklaringe", "blijkt", ",", "De", "glunt", "mastenbosch", ",", "bestevende", "den", "20", ":", "Novemb", ":", "r", "dese", "rhede", ",", "sijnde", "den", "6", ".", "'", "Julij", "in", "geselschap", "vand", "'", "bluijt", "Hobre", "uijt", "texel", "in", "zeegelopten", ",", "en", "van", "deselve", "omtrend", "Hitland", "affgedwaeld", ",", "is", "nergens", "aangeweest", ",", "en", "voortimmer=", "spoedig", "hier", "aangeland", ",", "missende", "alleenlijk", "syn", "opper", "man", ",", "die", "gegift", "wert", "overboort", "gevallen", "te", "zin", ".", "de", "schipper", "Ian", "Constantin", "van", "der", "markt", "heeft", "den", "E", "H", "=", "r", "Command", ":", "r", "in", "rade", "verslag", ",", "gedaan", "der", "sijd", "gange", "en", "uitsporigheden", ",", "gedurende", "desselfs", "reijs", "uijt", "vaderl", "=", "t", "Herwaer", "ts", ",", "bij", "syn", "onderstuurman", "Jan", "van", "borselen", "tot", "kleijnagting", "des", "ontsaegs", "sijner", "gesaghebberen", "gepleegt", ";"], "events": ["O", "O", "O", "O", "O", "B-SocialInteraction", "O", "O", "O", "O", "O", "O", "O", "O", "O", "O", "O", "O", "O", "O", "O", "O", "O", "B-Arriving", "O", "O", "O", "O", "O", "O", "O", "O", "O", "B-Encounter", "I-Encounter", "B-BeingAtAPlace", "O", "B-SocialInteraction", "I-SocialInteraction", "O", "O", "O", "O", "O", "O", "O", "O", "O", "O", "O", "O", "O", "O", "O", "O", "O", "O", "O", "O", "O", "O", "O", "O", "O", "O", "O", "O", "B-Trade", "B-BeingAtAPlace", "I-BeingAtAPlace", "I-BeingAtAPlace", "O", "O", "O", "B-TakingUnderControl", "I-TakingUnderControl", "O", "O", "O", "O", "O", "O", "O", "O", "O", "O", "O", "O", "O", "B-Arriving", "O", "O", "O", "O", "O", "O", "O", "O", "O", "O", "O", "O", "O", "O", "O", "O", "O", "O", "O", "O", "O", "O", "O", "O", "B-Leaving", "O", "O", "O", "O", "O", "O", "B-Translocation", "O", "O", "O", "B-Voyage", "O", "O", "O", "O", "O", "B-Arriving", "O", "B-Dying", "O", "O", "O", "O", "O", "O", "O", "O", "B-Dying", "I-Dying", "O", "O", "O", "O", "O", "O", "O", "O", "O", "O", "O", "O", "O", "O", "O", "O", "O", "O", "O", "O", "O", "B-SocialInteraction", "I-SocialInteraction", "I-SocialInteraction", "O", "O", "O", "O", "O", "O", "O", "O", "B-Voyage", "O", "O", "O", "O", "O", "O", "O", "O", "O", "O", "O", "O", "O", "O", "O", "O", "O", "O", "O", "O", "O"]}
{"words": ["dierhalven", "hebben", "wij", "den", "opgemelten", "stuurman", "'t", "betragten", "sijnerpligt", "seer", "ernstelijk", "aanbevolen", ",", "en", "den", "schipper", "gemagtigd", "hem", "op", "'t", "begaan", "van", "nieuw", "van", "desoir", "anst", "=", "ts", "aftesetten", "en", "sin", "dienst", "te", "ontslaan", ",", "doende", "in", "deselfs", "plaatsop", "treden", "den", "persoon", "die", "hij", "nevens", "den", "scheeps", "raat", "sal", "oordelen", "en", "bevinden", "vande", "meeste", "bequaameh", "=", "t", "en", "verdienste", "tewesen", ",", "ten", "tide", "toe", ",", "dat", "voor", "VEd", ":", "gr", "=", "te", "agtb", ":", "daer", "in", "anders", "sal", "versien", "werden", ".", "Wij", "hebben", "naer", "rijp", "overwegen", "onserheenen", "en", "mees", "=", "re", "bevelen", "goet", "gevonden", "'t", "meergemelte", "Jagt", "Iambi", "opt", "spoedigste", "wederom", "een", "keer", "na", "Madagascar", "telaten", "doen", "al", "soo", "wij", "daerin", "meer", "voordeels", "ten", "aansien", "van", "d", "'", "aanstaande", "goede", "mousson", ",", "voor", "d", "'", "E", ":", "Comp", ":", "beogen", "dan", "selve", "met", "d", "'", "aangebragte", "slaven", "Hier", "vandaan", "na", "batavia", "te", "versenden", ",", "slux", "dat", "dien", "bodem", "geoordeelt", "werd", ",", "int", "korten", "nog", "een", "vragt", "slaven", "na", "madagascar", "te", "konnen", "Halen", ",", "deselve", "Adroictire", "op", "Sumatra", "vlosen", "."], "events": ["O", "O", "O", "O", "O", "O", "O", "O", "O", "B-ForceToAct", "I-ForceToAct", "I-ForceToAct", "O", "O", "O", "O", "B-SocialStatusChange", "O", "O", "O", "O", "O", "O", "O", "O", "O", "O", "O", "B-EndingContractualAgreement", "B-LeavingAnOrganization", "O", "B-LeavingAnOrganization", "I-LeavingAnOrganization", "I-LeavingAnOrganization", "B-EndingContractualAgreement", "O", "B-Replacing", "I-Replacing", "I-Replacing", "I-Replacing", "O", "O", "O", "O", "O", "O", "O", "O", "O", "O", "O", "O", "O", "O", "O", "O", "O", "O", "O", "O", "O", "O", "O", "O", "O", "O", "O", "O", "O", "O", "O", "O", "O", "O", "O", "O", "O", "O", "B-Giving", "I-Giving", "I-Giving", "O", "O", "O", "O", "O", "O", "O", "O", "O", "O", "O", "O", "O", "O", "O", "O", "O", "O", "O", "O", "O", "O", "O", "O", "B-Voyage", "I-Voyage", "O", "O", "O", "O", "O", "O", "O", "O", "O", "O", "O", "O", "O", "O", "O", "O", "O", "O", "O", "O", "O", "O", "O", "O", "O", "O", "O", "O", "B-Transportation", "O", "O", "O", "O", "O", "O", "B-Transportation", "O", "O", "O", "O", "O", "O", "O", "O", "O", "O", "O", "O", "O", "O", "O", "O", "O", "B-Transportation", "I-Transportation", "O", "O", "O", "O", "O", "B-Transportation", "O"]}
