{"words": ["A", "\u201e", "o", "1780"], "events": ["O", "O", "O", "O"]}
{"words": ["\u201e", "\u201e", "7", "_", "\u201e", "o", "\u201e"], "events": ["O", "O", "O", "O", "O", "O", "O"]}
{"words": ["\u201e", "1", "Novemb", ":", "\u201e"], "events": ["O", "O", "O", "O", "O"]}
{"words": ["\u201e", "3", "Janua", "\u201e"], "events": ["O", "O", "O", "O"]}
{"words": ["Ao", ".", "1700"], "events": ["O", "O", "O"]}
{"words": ["1781"], "events": ["O"]}
{"words": ["den", "8", "Junij", "na", "Batavia"], "events": ["O", "O", "O", "O", "O"]}
{"words": ["\u201e", "\u201e", "_", "\u201e", "o", "\u201e", "\u201e", "_", "\u201e", "o", "\u201e"], "events": ["O", "O", "O", "O", "O", "O", "O", "O", "O", "O", "O"]}
{"words": ["\u201e", "3", "Iulij", "\u201e", "_"], "events": ["O", "O", "O", "O", "O"]}
{"words": ["\u201e", "2", "Aug", "\u201e", "s", "\u201e"], "events": ["O", "O", "O", "O", "O", "O"]}
{"words": ["\u201e", "3", "Septemb", ".", "\u201e"], "events": ["O", "O", "O", "O", "O"]}
{"words": ["Notitie", "van", "Alle", "soo", "van", ",", "als", "na", "Batavia", "\u201e", "en", "afgaande", "alhier", "ten", "Handel", "Komende", ",", "Vaertuijgen", ",", "te", "Weeten", "'t", "Ledert", "Primo", "October", "Anno", "Passato", "tot", "ultimo", "deeses", "Namentlijk"], "events": ["O", "O", "O", "O", "O", "O", "O", "O", "O", "O", "O", "B-Leaving", "O", "O", "B-Trade", "B-Arriving", "O", "O", "O", "O", "O", "O", "O", "O", "O", "O", "O", "O", "O", "O", "O"]}
{"words": ["Aankomende", "Vaartuijgen", "den", "3", "october", "van", "Batavia", "den", "burger", "alhier", "Axel", "Anthonij", "Rosenquest", "per", "Paduwackang", "genaamt", "de", "Jonge", "Dirk", "groot", "20", "lasten", "bemant", "met", "30", "koppen", ",", "was", "gemontheerd", "met", "7", "p", "\u201e", "s", "metaele", "stukjes", ",", "12", "snaphanen", "4", "donderbussen", "\u201e", "rassegaaijen", ",", "2", "p.", "s", "pistoolen", ",", "80", "p", "\u201e", "s", "Loode", "koegels", "en", "40", "lb", "bus", "kruijt", ",", "als", "passagiers", "den", "meede", "burger", "sebastiaan", "Knitel", "en", "den", "Jnlandsche", "vrouw", "Clara", "met", "haar", "zoontje", ",", "brengt", "aan", "10", "vatjes", "booter", "70", "vatens", "bier", "12", "kassen", "wijn", "en", "bier", "en", "5", "kelders", "genever"], "events": ["B-Arriving", "O", "B-Arriving", "I-Arriving", "I-Arriving", "I-Arriving", "I-Arriving", "O", "O", "O", "O", "O", "O", "O", "O", "O", "O", "O", "O", "O", "O", "B-None", "B-HavingInPossession", "O", "O", "O", "O", "B-HavingInPossession", "I-HavingInPossession", "I-HavingInPossession", "O", "O", "O", "O", "O", "O", "O", "O", "O", "O", "O", "O", "O", "O", "O", "O", "O", "O", "O", "O", "O", "O", "O", "O", "O", "O", "O", "O", "O", "O", "O", "O", "B-Transportation", "O", "O", "O", "O", "O", "O", "O", "O", "O", "O", "O", "O", "O", "O", "B-Transportation", "I-Transportation", "O", "O", "O", "O", "O", "O", "O", "O", "O", "O", "O", "O", "O", "O", "O"]}
{"words": ["_", "\u201e", "o", "\u201e", "den", "Chinees", "Tiohaijsoe", "per", "dito", "van", "den", "oud", "Adsistent", "Hendrik", "Bewers", ",", "groot", "8", "lasten", ",", "bemaant", "met", "24", "koppen", "\u201e", "was", "gemontheerd", "met", "6", "p", "\u201e", "s", "rantackangs", ",", "12", "p", "\u201e", "s", "snaphaenen", ",", "6", ":", "p", "\u201e", "s", "donderbussen", ",", "25", "p", "\u201e", "s", "rondscherp", ",", "en", "60", "lb", "bus", "kruijt", ",", "als", "passagiers", "den", "meede", "Chinees", "Theoenko", ",", "en", "den", "boegineesen", "Batjo", "en", "Basso", "brengt", "aan", "1", "kist", "amphioen", "11", "pijpen", "araaen", "10", "Kassen", "aracq", ",", "20", "pic", "\u201e", "s", "Randij", "suijker", ",", "6", "pi", "C", ":o", "oud"], "events": ["O", "O", "O", "O", "O", "O", "O", "B-HavingInPossession", "I-HavingInPossession", "I-HavingInPossession", "I-HavingInPossession", "I-HavingInPossession", "I-HavingInPossession", "I-HavingInPossession", "I-HavingInPossession", "O", "O", "O", "O", "O", "B-HavingInPossession", "I-HavingInPossession", "O", "O", "O", "B-HavingInPossession", "I-HavingInPossession", "I-HavingInPossession", "O", "O", "O", "O", "O", "O", "O", "O", "O", "O", "O", "O", "O", "O", "O", "O", "O", "O", "O", "O", "O", "O", "O", "O", "O", "O", "O", "O", "O", "O", "O", "B-Transportation", "I-Transportation", "O", "O", "O", "O", "O", "O", "O", "O", "O", "O", "O", "B-Transportation", "I-Transportation", "O", "O", "O", "O", "O", "O", "O", "O", "O", "O", "O", "O", "O", "O", "O", "O", "O", "O", "O", "O", "O", "O"]}
{"words": ["kooper", "10", "p", ":", "C", "\u201e", "s", "Eijzer", ",", "30", "p", ":", "C", "\u201e", "s", "gamber", "den", "7", "October", "van", "Batavia", "den", "Chinees", "Ongsianko", "per", "Paduwackang", "van", "den", "oud", "Boekhouder", "Simon", "Burg", "Graaff", "groot", "40", "lasten", ",", "bemant", "met", "23", "koppen", ",", "was", "gemontheerd", "met", "4", "p", "\u201e", "s", "Eijzere", "kanons", ",", "10", "p", "\u201e", "s", "snaphanen", ",", "2", "donderbussen", "en", "25", "lb", "buskruijt", ",", "brengt", "aan", "50", "katjes", "amphioen", "150", "p", ":", "C", ":o", "gatta", "gamber", ",", "200", "dosijnen", "messen", "en", "40", "bier", "peijppen", "aracq", "\u201e", "23", ":", "_", "\u201e", "o", "\u201e", "_", "\u201e", "o", "den", "maleijer", "Intje", "Salee", "per", "Chialoep", "van", "den", "meese", "maleijer", "Jntje", "Sadulla", ",", "groot", "30", "lasten", "bemant", "met", "18", "koppen", ",", "was", "gemontheerd", "met", "8", "p", "\u201e", "s", "kanons", ",", "6", "p", "\u201e", "s", "donderbussen", ",", "10", "p", "\u201e", "s", "snaphaanen", "en", "200", "lb", "bus", "kruijt", ",", "brengt", "aan20", "pi", "C", "\u201e", "s", "Eijzer", ",", "5", "pic", "\u201e", "s", "rotte", "Kruijt", ",", "400", "dosijnen", "messen", ",", "1000", "p", "\u201e", "s", "parrings", ",", "2", "Corg", "\u201e", "s", "Cambaijen", ",", "2", "Corg", ":", "neusdoeken", "n", "kist", "amphioen", "_", "\u201e", "o", "den", "maleijer", "Jntje", "Samaijla", "per", "Paduwackang", "groot", "20", "lasten", "bemant", "met", "22", "koppen", ",", "was", "gemontheerd", "met", "2", "p", "\u201e", "s", "Eijzere", "kanons", ",", "2", "p", "\u201e", "s", "koopere", "donderbussen", ",", "4", "rantackangs", ",", "6", "p", ":", "s", "snaphanen", ",", "4", "p", "\u201e", "s", "donderbudsen", ",", "en", "100", "lb", "buskruijt", "brengt", "aan", ",", "20", "piC", "\u201e", "s", "Eijzer", "10", "pic", "\u201e", "s", "rotte", "kruijt", ",", "200", "dosijnen", "messen", ",", "500", "p", "s", "parrings", ",", "2", "Corg", ":", "Cambaijen", ",", "en", "2", "Corg", "\u201e", "s", "neusdoekken", "_", "\u201e", "o", "den", "boeginees", "Siang", "per", "dito", "groot", "8", "lasten", "bemant", "met", "18", "koppen", "was", "gemontheerd", "met", "5", "p", "\u201e", "s", "stukjes", ",", "6", "p", "\u201e", "s", "snaphanen", ",", "2", "p", "\u201e", "s", "donderbussen", "350", "lb", "buskruijt", ",", "als", "passagiers", "den", "Chineesen", "Kohoan", ",", "kotinsoeij", ",", "seejokseeng", ",", "brengt", "aan", "eenige", "kleenigheeden"], "events": ["O", "O", "O", "O", "O", "O", "O", "O", "O", "O", "O", "O", "O", "O", "O", "O", "B-Arriving", "I-Arriving", "I-Arriving", "I-Arriving", "I-Arriving", "O", "O", "O", "O", "B-HavingInPossession", "I-HavingInPossession", "I-HavingInPossession", "I-HavingInPossession", "I-HavingInPossession", "I-HavingInPossession", "I-HavingInPossession", "I-HavingInPossession", "O", "O", "O", "O", "B-HavingInPossession", "O", "O", "O", "O", "B-HavingInPossession", "I-HavingInPossession", "O", "O", "O", "O", "O", "O", "O", "O", "O", "O", "O", "O", "O", "O", "O", "O", "O", "O", "O", "O", "O", "B-Transportation", "I-Transportation", "O", "O", "O", "O", "O", "O", "O", "O", "O", "O", "O", "O", "O", "O", "O", "O", "O", "O", "O", "O", "O", "O", "O", "O", "O", "O", "O", "O", "O", "O", "O", "O", "O", "B-HavingInPossession", "I-HavingInPossession", "I-HavingInPossession", "I-HavingInPossession", "I-HavingInPossession", "I-HavingInPossession", "I-HavingInPossession", "I-HavingInPossession", "O", "O", "O", "O", "B-HavingInPossession", "I-HavingInPossession", "O", "O", "O", "B-HavingInPossession", "I-HavingInPossession", "I-HavingInPossession", "O", "O", "O", "O", "O", "O", "O", "O", "O", "O", "O", "O", "O", "O", "O", "O", "O", "O", "O", "O", "O", "O", "O", "B-Transportation", "I-Transportation", "O", "O", "O", "O", "O", "O", "O", "O", "O", "O", "O", "O", "O", "O", "O", "O", "O", "O", "O", "O", "O", "O", "O", "O", "O", "O", "O", "O", "O", "O", "O", "O", "O", "O", "O", "O", "O", "O", "O", "O", "O", "O", "O", "O", "O", "O", "O", "O", "B-HavingInPossession", "I-HavingInPossession", "O", "O", "O", "B-HavingInPossession", "I-HavingInPossession", "I-HavingInPossession", "O", "O", "O", "O", "O", "O", "O", "O", "O", "O", "O", "O", "O", "O", "O", "O", "O", "O", "O", "O", "O", "O", "O", "O", "O", "O", "O", "O", "O", "O", "O", "O", "O", "B-Transportation", "I-Transportation", "O", "O", "O", "O", "O", "O", "O", "O", "O", "O", "O", "O", "O", "O", "O", "O", "O", "O", "O", "O", "O", "O", "O", "O", "O", "O", "O", "O", "O", "O", "O", "O", "O", "O", "O", "O", "O", "O", "O", "O", "O", "O", "O", "O", "B-HavingInPossession", "I-HavingInPossession", "O", "O", "B-HavingInPossession", "I-HavingInPossession", "I-HavingInPossession", "O", "O", "O", "O", "O", "O", "O", "O", "O", "O", "O", "O", "O", "O", "O", "O", "O", "O", "O", "O", "O", "B-Transportation", "I-Transportation", "O", "O", "O", "O", "O", "O", "O", "O", "B-Transportation", "I-Transportation", "O", "O"]}
{"words": ["den", "15", "Novemb", ":", "van", "Batavia", "den", "Madjorees", "Lamalla", "per", "Paduwas", "kang", "groot", "7", "lasten", ",", "bemant", "met", "45", "koppen", ",", "was", "gemontheerd", "met", "3", "p", "\u201e", "s", "rantackangs", "\u201e", "3", "donderbussen", ",", "11", "p.", "snaphaanen", "en", "40", "lb", "buskruijt", ",", "als", "passagiers", "den", "burger", "Mariano", "J", "Louwis", ",", "den", "Chineesen", "Tiolaijko", ",", "tjichianseeng", ",", "en", "de", "boegineesen", "Lasain", ",", "tojame", ",", "tiodanis", ",", "Basso", "Pandjang", ",", "Lalle", ",", "Joeroemoedie", ",", "Lawatoe", ",", "Miera", ",", "Lapoenna", ",", "Loompo", ",", "Tanna", ",", "La", "padaij", ",", "Lasato", ",", "Jnana", ",", "Poeasambalie", ",", "Ambo", "Katepa", ",", "Lampe", ",", "La", "bandoe", ",", "Labasso", ",", "Lahoejoen", ",", "Preasiang", ",", "Lasaun", ",", "Latoire", ",", "Poea", "Boetoeng", ",", "Laijeeno", ",", "Laijinge", ",", "Labaroe", ",", "Jsa", ",", "Laoeda", ",", "brengt", "aan", "5", "Corg", ":", "Cassa", "witte", "\u201e", "10", "Corg", "\u201e", "s", "souratse", "Chitsen", ",", "3", "Corgies", "Cor9", "souratse", "spreijen", ",", "5", "Corg", "\u201e", "s", "kust", "Chitsen", ",", "8", "Corg", "\u201e", "s", "bafta", "brocia", "en", "500", "p", "\u201e", "s", "parrings", "\u201e", "6", "decemb", ":", "\u201e", "_", "\u201e", "o", "den", "Wadgorees", "Toacko", "per", "dito", "groot", "7", "lasten", "bemant", "met", "38", "koppen", ",", "was", "gemontheerd", "met", "4", "p", "\u201e", "s", "rantackangs", ",", "16", "p", "\u201e", "s", "snaphaanen", ",", "4", "p", "\u201e", "s", "donderbussen", "en", "10", "lb", "bus", "kruijt", ",", "brengt", "aan", "5", "Corg", "\u201e", "s", "Cassa", ",", "3", "Corg.s", "Calankarie", ",", "10", "pic", "\u201e", "s", "kan", "\u201e", "dij", "zuijker", ",", "10", "Corg", "\u201e", "s", "spreijen", ",", "2", "d", "\u201e", "o", "Neusdoekken", "10", "Corg", "\u201e", "s", "Sarassa", ",", "1100", "p", "\u201e", "s", "beijlen", ",", "en", "2000", "p", "\u201e", "s", "parrings", "\u201e", "12", "_", "\u201e", "o", "\u201e", "_", "\u201e", "o", "den", "Chinees", "Konkieseeng", "per", "Chialoep", "van", "den", "meede", "Chinees", "Tio", "Gjillong", "groot", "40", "lasten", ",", "bemant", "met", "24", "Kop", ".", "\u201e", "pen", ",", "was", "gemontheerd", "met", "6", "p", "\u201e", "s", "kanons", ",", "2", "donderbussen", "50", "lb", "bus", "koruijt", ",", "brengt", "aan", "5", ".", "vaatjes", "booter", ",", "13", "bier", "pijpen"], "events": ["O", "O", "O", "O", "O", "O", "O", "O", "O", "O", "O", "O", "O", "O", "O", "O", "B-HavingInPossession", "O", "O", "O", "O", "B-HavingInPossession", "I-HavingInPossession", "I-HavingInPossession", "O", "O", "O", "O", "O", "O", "O", "O", "O", "O", "O", "O", "O", "O", "O", "O", "O", "O", "B-Transportation", "O", "O", "O", "O", "O", "O", "O", "O", "O", "O", "O", "O", "O", "O", "O", "O", "O", "O", "O", "O", "O", "O", "O", "O", "O", "O", "O", "O", "O", "O", "O", "O", "O", "O", "O", "O", "O", "O", "O", "O", "O", "O", "O", "O", "O", "O", "O", "O", "O", "O", "O", "O", "O", "O", "O", "O", "O", "O", "O", "O", "O", "O", "O", "O", "O", "O", "O", "O", "O", "O", "O", "O", "O", "O", "O", "O", "O", "O", "B-Transportation", "I-Transportation", "O", "O", "O", "O", "O", "O", "O", "O", "O", "O", "O", "O", "O", "O", "O", "O", "O", "O", "O", "O", "O", "O", "O", "O", "O", "O", "O", "O", "O", "O", "O", "O", "O", "O", "O", "O", "O", "O", "O", "O", "O", "O", "O", "O", "O", "O", "O", "O", "O", "O", "O", "O", "O", "O", "B-HavingInPossession", "I-HavingInPossession", "O", "O", "O", "B-HavingInPossession", "I-HavingInPossession", "I-HavingInPossession", "O", "O", "O", "O", "O", "O", "O", "O", "O", "O", "O", "O", "O", "O", "O", "O", "O", "O", "O", "O", "O", "O", "O", "B-Transportation", "I-Transportation", "O", "O", "O", "O", "O", "O", "O", "O", "O", "O", "O", "O", "O", "O", "O", "O", "O", "O", "O", "O", "O", "O", "O", "O", "O", "O", "O", "O", "O", "O", "O", "O", "O", "O", "O", "O", "O", "O", "O", "O", "O", "O", "O", "O", "O", "O", "O", "O", "O", "O", "O", "O", "O", "O", "O", "O", "O", "O", "O", "O", "O", "O", "O", "O", "O", "O", "O", "O", "O", "O", "O", "O", "B-HavingInPossession", "I-HavingInPossession", "O", "O", "O", "O", "O", "O", "B-HavingInPossession", "I-HavingInPossession", "I-HavingInPossession", "O", "O", "O", "O", "O", "O", "O", "O", "O", "O", "O", "O", "O", "B-Transportation", "I-Transportation", "O", "O", "O", "O", "O", "O", "O", "O"]}
{"words": ["aracq", ",", "15", "kelders", "genever", ",", "25", "pic", "\u201e", "s", "klrontjes", "zuijker", ",", "C", "\u201e", "s", "poeder", "Zuijker", ",", "400", "dosij30", "pic", "\u201e", "s", "ambalo", ",", "50", "pic", "\u201e", "s", "\u201e", "nen", "messen", "en", "30", "Catjes", "amphioen", "den", "22", "decemb", ":", "van", "Batavia", "den", "burger", "alhier", "Robbert", "Wijts", "per", "gonting", "groot", "8", "lasten", ",", "bemant", "met", "15", ".", "koppen", ",", "was", "gemontheerd", "met", "2", "p", "\u201e", "s", "metaele", "stukjes", ",", "3", "musquitonders", ",", "2", "p", "\u201e", "s", "donderbussen", "\u201e", "6", "p", "\u201e", "s", "snaphaanen", "25", "lb", "buskruijt", ",", "brengt", "aan", "2", "kasten", "wijn", "en", "bier", ",", "10", "kelders", "aracq", ",", "als", "passagiers", "den", "meede", "burger", "Barend", "Lampke", "en", "Hendrik", "Cornelis", "_", "\u201e", "o", "den", "burger", "Ian", "Hendrik", "Kroekwits", "per", "dito", "van", "den", "Chinees", "Tiogilong", "groot", "6", "lasten", "bemant", "met", "14", "koppen", "was", "gemontheerd", "met", "5", "p", "\u201e", "s", "draijbassen", ",", "6", "p", "\u201e", "s", "snaphanen", "en", "50", "lb", "buskruijt", ",", "brengt", "aan", "20", "halve", "aamaracq", ",", "20", "pic", "\u201e", "s", "Candij", "en", "poeder", "zuijker", "en", "eenige", "kleenigheeden", ",", "mitsgaders", "als", "passagier", "den", "Jnlander", "April", ",", "den", "Chineesen", "anghenglo", "en", "Koeongko", "_", "\u201e", "o", "den", "Chinees", "Petjoengseeng", ",", "per", "PaduwacRang", "groot", "7", "lasten", ",", "bemant", "met", "16", "koppen", ",", "was", "gemontheerd", "met", "7", "p", "\u201e", "s", "rantackangs", ",", "8", "p", "\u201e", "s", "snaphaanen", ",", "4", "p", "\u201e", "s", "donderbussen", "en", "25", "lb", "bus", "kruijt", ",", "brengt", "aan", "1", "Corg", ".", "moris1", "Corg", ":", "Sarassa", ",", "25", "Katjes", "amphioen", "en", "25", "pic", "\u201e", "s", "spijkers", "_", "\u201e", "o", "\u201e", "den", "maleijer", "Panrea", "per", "dito", "groot", "6", ".", "Lasten", "bemant", "met", "18", "koppen", "was", "gemontheerd", "met", "2", "pees"], "events": ["O", "O", "O", "O", "O", "O", "O", "O", "O", "O", "O", "O", "O", "O", "O", "O", "O", "O", "O", "O", "O", "O", "O", "O", "O", "O", "O", "O", "O", "O", "O", "O", "O", "O", "O", "O", "O", "O", "O", "O", "O", "O", "O", "O", "O", "O", "O", "O", "O", "O", "O", "O", "O", "O", "B-HavingInPossession", "I-HavingInPossession", "O", "O", "O", "O", "B-HavingInPossession", "I-HavingInPossession", "I-HavingInPossession", "O", "O", "O", "O", "O", "O", "O", "O", "O", "O", "O", "O", "O", "O", "O", "O", "O", "O", "O", "O", "O", "O", "O", "O", "O", "B-Transportation", "I-Transportation", "O", "O", "O", "O", "O", "O", "O", "O", "O", "O", "O", "B-None", "O", "O", "O", "O", "O", "O", "O", "O", "O", "O", "O", "O", "O", "O", "O", "O", "O", "O", "O", "O", "O", "O", "O", "O", "O", "B-HavingInPossession", "I-HavingInPossession", "O", "O", "B-HavingInPossession", "I-HavingInPossession", "I-HavingInPossession", "O", "O", "O", "O", "O", "O", "O", "O", "O", "O", "O", "O", "O", "O", "O", "O", "B-Transportation", "I-Transportation", "O", "O", "O", "O", "O", "O", "O", "O", "O", "O", "O", "O", "O", "O", "O", "O", "O", "O", "B-Transportation", "O", "O", "O", "O", "O", "O", "O", "O", "O", "O", "O", "O", "O", "O", "O", "O", "O", "O", "O", "O", "O", "O", "O", "O", "O", "O", "O", "O", "O", "O", "O", "O", "O", "O", "O", "O", "O", "O", "O", "O", "O", "O", "O", "O", "O", "O", "O", "O", "O", "O", "O", "O", "O", "O", "O", "O", "O", "O", "O", "O", "O", "O", "O", "O", "O", "O", "O", "O", "O", "O", "O", "O", "O", "O", "O", "O", "O", "O", "O", "O", "O", "O", "O", "O", "O", "O", "O", "O", "O", "O", "O", "O", "O", "O"]}
{"words": ["donderbussen", ",", "4", "p", "\u201e", "s", "snaphaanen", "en", "50", "lb", "buskruijt", "brengt", "aan", "13", "kelders", "en", "7", "bier", "peijpen", "met", "aracq", "als", "passagier", "Leonard", "\u201e", "rene", "disverne", "den", "21", "Janua", ":", "van", "Batavia", "den", "burger", "alhier", "Martinius", "Pieloor", "per", "Padu", "\u201e", "wackang", "groot", "9", "lasten", ",", "bemant", "met", "20", "koppen", ",", "was", "gemontheerd", "met", "'", "1", "p", "\u201e", "s", "rantack", ":", ",", "4", "p", "\u201e", "s", "donderbussen", ",", "8", "p", "\u201e", "s", "snaphaanen", "en", "25", "lb", "buskruijt", ",", "brengt", "aan", "15", "pic", "\u201e", "s", "aracq", "en", "5", "pic", "\u201e", "s", "Eijzer", "als", "passagier", "den", "Jnlanders", "Jbrahim", ",", "Toea", "Minaen", "Malla", "\u201e", "22", "_", "\u201e", "o", "\u201e", "\u201e", "_", "o", "\u201e", "den", "burger", "alhier", "Barend", "Iansz", "per", "dito", "groot", "8", "lasten", ",", "bemant", "met", "21", "koppen", ",", "was", "gemontheerd", "met", "4", "p", "\u201e", "s", "metaele", "stukjes", "4", "p", "\u201e", "s", "donderbussen", ",", "7", "p", "\u201e", "s", "snaphanen", "1", "musqueston", "\u201e", "50", "lb", "buskruijt", ",", "brengt", "aan", "10", "bier", "peijpen", "en", "8", "kelders", "aracq", ",", "5", "piC", "\u201e", "s", "poeder", "zuijker", ",", "2", "pic", "\u201e", "s", "Candij", "zuijker", "en", "Eenige", "kleenigheeden", "\u201e", "23", "_", "\u201e", "o", "\u201e", "\u201e", "_", "\u201e", "o", "den", "burger", "Diogenes", "Tawaris", "per", "gonting", "groot", "9lasten", ",", "bemant", "met", "15", "koppen", ",", "was", "gemontheerd", "met", "2", "stukjes", ",", "6", ".", "donderbussen", ",", "6", "snaphaanen", "en", "20", "lb", "buskruijt", ",", "brengt", "aan", "2\u00bd", "pic", "\u201e", "s", "vistanden", ",", "10", "pic", "\u201e", "s", "gamber", ",", "30", "pic", "\u201e", "s", "loot", ",", "30", "pic", "\u201e", "s", "Candij", "en", "poeder", "zuijker", ",", "10", "kasjes", "wit", "auijsen", "15", "halve", "aam", "met", "aracq", ",", "als", "passagiers", "den", "meede", "burgers", "Jonas", "Lodewijk", "Makaijlie", ",", "David", "Carelsz", ":", "en", "Fredrik", "Theunis", "en", "den", "Jnlanders", "octavius", "en", "Nyaij", "Alieja", "Tjama", "Abdul", "Taliepen", "April", "den", "Chineesen", "ongsian", "Ko", "ongtonglo", ",", "tantanjiu", ",", "teeong", "JemRo", ",", "Theoenlinko", ",", "en", "Loejeanko"], "events": ["O", "O", "O", "O", "O", "O", "O", "O", "O", "O", "O", "O", "O", "O", "O", "O", "O", "O", "O", "O", "O", "O", "O", "O", "O", "O", "O", "O", "O", "O", "O", "O", "O", "O", "O", "O", "O", "O", "O", "O", "O", "O", "O", "O", "O", "O", "O", "O", "O", "O", "O", "O", "O", "O", "O", "O", "O", "O", "O", "O", "O", "O", "O", "O", "O", "O", "O", "O", "O", "O", "O", "O", "O", "O", "O", "O", "O", "O", "O", "O", "O", "O", "O", "O", "O", "O", "O", "O", "O", "O", "O", "O", "O", "O", "O", "O", "O", "O", "O", "O", "O", "O", "O", "O", "O", "O", "O", "O", "O", "O", "O", "O", "O", "O", "O", "O", "O", "O", "O", "O", "O", "O", "O", "O", "O", "O", "O", "O", "O", "O", "O", "O", "O", "O", "O", "O", "O", "O", "O", "O", "O", "O", "O", "O", "O", "O", "O", "O", "O", "O", "O", "O", "O", "O", "O", "O", "O", "O", "O", "O", "O", "O", "O", "O", "O", "O", "O", "O", "O", "O", "O", "O", "O", "O", "O", "O", "O", "O", "O", "O", "O", "O", "O", "O", "O", "O", "O", "O", "O", "O", "O", "O", "O", "O", "O", "O", "O", "O", "O", "O", "O", "O", "O", "O", "O", "O", "O", "O", "O", "O", "O", "O", "O", "O", "O", "O", "O", "O", "O", "O", "O", "O", "O", "O", "O", "O", "O", "O", "O", "O", "O", "O", "O", "O", "O", "O", "O", "O", "O", "O", "O", "O", "O", "O", "O", "O", "O", "O", "O", "O", "O", "O", "O", "O", "O", "O", "O", "O", "O", "O", "O", "O", "O", "O", "O", "O", "O", "O", "O", "O", "O", "O", "O", "O", "O", "O", "O", "O", "O", "O", "O", "O", "O", "O", "O", "O", "O", "O", "O", "O", "O", "O", "O", "O", "O", "O", "O", "O", "O", "O"]}
{"words": ["den", "7", "Septemb", ":", "van", "Batavia", "den", "burger", "Ian", "Hend", "\u201e", "k", "Krookwits", "per", "gonting", "groot", "6", "lasten", "bemant", "met", "19", "koppen", ",", "was", "gemontheerd", "met", "4", "p", "\u201e", "s", "draijbassen", ",", "2", "donderbussen", ",", "6", "snaphanen", "en", "50", "lb", "buskruijt", ",", "brengt", "aan", "500", "p", "\u201e", "s", "parrings", ",", "20", "bier", "pijpen", "en", "20", ".", "halff", "aamaracq", ",", "20", "pic", "\u201e", "s", "Eijzer", ",", "20", "p", ":", "C", ":o", "poeder", "zuijker", ",", "8", "kelders", "araegen", "eenige", "Woetewband", "\u201e", "se", "provisien", ",", "als", "passagier", "den", "meede", "burger", "Martinus", "Pieloor", "\u201e", "8", "_", "o", "\u201e", "\u201e", "_", "\u201e", "o", "den", "burger", "Axel", "Anthonij", "Rosenquits", "per", "Paduwackang", "groot", "25", "lasten", ",", "bemant", "met", "13", "koppen", ",", "was", "gemontheerd", "met", "7", "p", "\u201e", "s", "met", "stukjes", ",", "16", "snaphanen", ",", "6", "donderbussen", ",", "2", "p", "\u201e", "s", "pistoolen", "en", "50", "lb", "bus", "kruijt", ",", "als", "passagier", "de", "huijsvrouw", "van", "den", "meede", "burger", "Johan", "godlieb", "Braune", "brengt", "aan", "12", "pic", "\u201e", "s", "aracq", "2", "kasten", "bieren", "Een", "en", "halve", "kasten", "wijn", "mitsgaders", "op", "Japara", "ingelaade", "6", "Coijangs", "rijst", "en", "eenige", "houtwerken", "6"], "events": ["O", "O", "O", "O", "O", "O", "O", "O", "O", "O", "O", "O", "O", "O", "O", "O", "O", "O", "O", "O", "O", "O", "O", "O", "O", "O", "O", "O", "O", "O", "O", "O", "O", "O", "O", "O", "O", "O", "O", "O", "O", "O", "O", "O", "O", "O", "O", "O", "O", "O", "O", "O", "O", "O", "O", "O", "O", "O", "O", "O", "O", "O", "O", "O", "O", "O", "O", "O", "O", "O", "O", "O", "O", "O", "O", "O", "O", "O", "O", "O", "O", "O", "O", "O", "O", "O", "O", "O", "O", "O", "O", "O", "O", "O", "O", "O", "O", "O", "O", "O", "O", "O", "O", "O", "O", "O", "O", "O", "O", "O", "O", "O", "O", "O", "O", "O", "O", "O", "O", "O", "O", "O", "O", "O", "O", "O", "O", "O", "O", "O", "O", "O", "O", "O", "O", "O", "O", "O", "O", "O", "O", "O", "O", "O", "O", "O", "O", "O", "O", "O", "O", "O", "O", "O", "O", "O", "O", "O", "O", "O", "O", "O", "O", "O", "O", "O", "O", "O", "O", "O", "O", "O", "O", "O", "O", "O", "O", "O"]}
{"words": ["Afgaande", "Vaertuijgen", "den", "10", "october", "Na", "Batavia", "den", "burger", "alhier", "Ian", "Hendrik", "Kroekwits", "nevens", "3", "Lijff", "Eijgen", ",", "per", "gonting", "van", "den", "Chinees", "Tio", "gelong", "groot", "6", "Lasten", "bemant", "met", "14", "koppen", ",", "was", "gemontheerd", "met", "5", "p", "\u201e", "s", "draijbassen", ",", "6", "snaphanen", "en", "50", "lb", "bus", "kruijt", ",", "neemt", "meede", "29", "stuks", "Negotie", "slaven", ",", "7", "stuks", "bestelden", "27", "stuks", "sComp", "\u201e", "s", "slaven", ",", "als", "passagiers", "Amma", "Mamma", "nevens", "haar", "zoon", "en", "Een", "lijff", "Eijgen", ",", "oemar", ",", "pocamma", "nevens", "'", "v", "lijff", "Jonge", "Poea", "Naol", ",", "nevens", "twee", "Jonge", ",", "Johannes", "rents", "nevens", "'t", "leijff", "Eijgen"], "events": ["O", "O", "O", "O", "O", "O", "O", "O", "O", "O", "O", "O", "O", "O", "O", "O", "O", "O", "O", "O", "O", "O", "O", "O", "O", "O", "O", "O", "O", "O", "O", "O", "O", "O", "O", "O", "O", "O", "O", "O", "O", "O", "O", "O", "O", "O", "O", "O", "O", "O", "O", "O", "O", "O", "O", "O", "O", "O", "O", "O", "O", "O", "O", "O", "O", "O", "O", "O", "O", "O", "O", "O", "O", "O", "O", "O", "O", "O", "O", "O", "O", "O", "O", "O", "O", "O", "O", "O", "O", "O", "O", "O", "O", "O", "O", "O", "O", "O", "O", "O"]}
{"words": ["den", "12", "october", "na", "Batavia", "den", "burger", "alhier", "Robbert", "wheijts", "nevens", "2", "leijff", "Eijgen", "per", "gonting", "groot", "8", "lasten", "bemant", "met", "15", "koppen", "was", "gemontheerd", "met", "2", "p", "\u201e", "s", "stukjes", ",", "3", "meus", "quitonders", "2", "p", "\u201e", "s", "donderbussen", ",", "6", "p", ":", "s", "snaphaanen", ",", "en", "25", "lb", "buskruijt", ";", "neemt", "meede", "12", "stuks", "sComp", "\u201e", "s", "slaaven", ",", "30", "stuks", "Negotie", "en", "besteld", "slaven", "als", "passagiers", "den", "meede", "burgers", "Barend", "Lampke", ",", "nevens", "Een", "Leijff", "Eijgen", ",", "Hendrik", "Cornelis", "nevens", "2", "leijff", "Eijgen", "den", "burger", "Diogenes", "Tawaris", "nevens", "2", "stuks", "LeijffEijgen", "per", "gonting", "groot", "9", "lasten", "bemant", "met", "15", "koppen", "was", "gemontheerd", "met", "2", "p", "\u201e", "s", "metaele", "stukjes", "6", "p", "\u201e", "s", "donderbussen", ",", "6", "p", "\u201e", "s", "snaphaanen", "en", "20", "lb", "bus", "kruijt", "neemt", "meede", "8", "stuks", "slaven", "ter", "negotie", "24", "stuks", "sComp", "\u201e", "s", "slaven", "als", "passagiers", ",", "den", "meede", "burgers", "David", "Carelsz", ":", "fredrik", "Theunis", "nevens", "'", "&", "leijff", "Jonge", ",", "Leonardus", "rene", "des", "verne", "nevens", "v", "leijff", "Eijgen", "den", "burger", "Iohan", "Godlieb", "Braune", "per", "dito", ",", "groot", "8", "lasten", ",", "bemant", "met", "20", "koppen", ",", "was", "gemontheerd", "met", "4", "p", "\u201e", "s", "stukjes", ",", "6", "donderbussen", "\u201e", "7", "snaphaanen", ",", "8", "pistoolen", "en", "100", "lb", "buskruijt", ",", "neemt", "meede", "9", "stuks", "slaven", "toebehooren", "aan", "den", "oppermeester", "J", ":", "C", ":", "Kirsten", ",", "en", "6", "stuks", "Negotie", "slaven"], "events": ["O", "O", "O", "O", "O", "O", "O", "O", "O", "O", "O", "O", "O", "O", "O", "O", "O", "O", "O", "O", "O", "O", "O", "O", "O", "O", "O", "O", "O", "O", "O", "O", "O", "O", "O", "O", "O", "O", "O", "O", "O", "O", "O", "O", "O", "O", "O", "O", "O", "O", "O", "O", "O", "O", "O", "O", "O", "O", "O", "O", "O", "O", "O", "O", "O", "O", "O", "O", "O", "O", "O", "O", "O", "O", "O", "O", "O", "O", "O", "O", "O", "O", "O", "O", "O", "O", "O", "O", "O", "O", "O", "O", "O", "O", "O", "O", "O", "O", "O", "O", "O", "O", "O", "O", "O", "O", "O", "O", "O", "O", "O", "O", "O", "O", "O", "O", "O", "O", "O", "O", "O", "O", "O", "O", "O", "O", "O", "O", "O", "O", "O", "O", "O", "O", "O", "O", "O", "O", "O", "O", "O", "O", "O", "O", "O", "O", "O", "O", "O", "O", "O", "O", "O", "O", "O", "O", "O", "O", "O", "O", "O", "O", "O", "O", "O", "O", "O", "O", "O", "O", "O", "O", "O", "O", "O", "O", "O", "O", "O", "O", "O", "O", "O", "O", "O", "O", "O", "O", "O", "O", "O", "O", "O", "O", "O", "O", "O", "O", "O", "O", "O", "O", "O", "O", "O", "O", "O", "O", "O", "O", "O", "O", "O", "O", "O", "O", "O", "O", "O", "O", "O", "O", "O", "O", "O"]}
{"words": ["_", "\u201e", "o", "den", "Chinees", "ongsianko", "nevens", "Een", "lijff", "meijd", ",", "per", "Pint", "gallang", "groot", "30", "lasten", ",", "bemant", "met", "23", "koppen", "was", "gemonth", ":", "met", "4", "p", "\u201e", "s", "Eijzere", "en", "3", "p", "\u201e", "s", "metaale", "rantackangs", ",", "4", "p", "\u201e", "s", "donderbussen", ",", "6", "p", "\u201e", "s", "snaphaanen", "100", "lb", "buskruijt", ",", "als", "passa^", "tanhonke", "\u201e", "giers", "den", "meede", "Chinees", "onigtonglo", "^", "tantjantjio", ",", "Kohonko", ",", "tanteenteen", ",", "soeijanko", ",", "theondian", ","], "events": ["O", "O", "O", "O", "O", "O", "O", "O", "O", "O", "O", "O", "O", "O", "O", "O", "O", "O", "O", "O", "O", "O", "O", "O", "O", "O", "O", "O", "O", "O", "O", "O", "O", "O", "O", "O", "O", "O", "O", "O", "O", "O", "O", "O", "O", "O", "O", "O", "O", "O", "O", "O", "O", "O", "O", "O", "O", "O", "O", "O", "O", "O", "O", "O", "O", "O", "O", "O", "O", "O", "O", "O", "O", "O"]}
{"words": ["Guiljanglo"], "events": ["O"]}
{"words": ["quitjanto", "Nevens", "2", "lijff", "Eijgen", ",", "tanseenko", ",", "ong", "hogiang", ",", "Lie", "koppeeng", "en", "deweduwe", "haselbrink", ",", "nevens", "2", "Leijff", "meijdens", "en", "den", "Jnlander", "sappara", "nevens", "vlijffmeijd", "neemt", "meede", "49", "stuks", "slaven", "ter", "negotie", "den", "23", "october", "na", "Batavia", "den", "burger", "Jonas", "Lodewijk", "Makailie", "nevens", "2", "lijff", "Eijgen", "per", "Paduwackang", "groot", "9", "lasten", ",", "bemant", "met", "20", "koppen", ",", "was", "gemontheerd", "met", "1", "rantak", ":", ",", "4", "donderbussen", ",", "8", "snaphaanen", "en", "25", "lb", "bus", "kruijt", "neemt", "meede", "49", "stuks", "Negotie", "slaaven", ",", "27", "stuks", "sComp", "\u201e", "s", "slaven", "\u201e", "14", "Maij", "\u201e", "_", "\u201e", "o", "den", "burger", "Ian", "Hend", "\u201e", "k", "Kroekwits", "nevens", "3", "Leijff", "Eijgen", "per", "gonting", "groot", "6", "lasten", ",", "bemant", "met", "16", "koppen", ",", "was", "gemontheerd", "met", "4", "p", "\u201e", "s", "Eijzere", "draijbassen", ",", "6", "snaphaanen", ",", "2", "donderbussen", "en", "100", "lb", "bus", "kruijt", ",", "neemt", "meede", "45", "stuks", "sComp", "\u201e", "s", "slaven", ",", "43", "stuks", "Negotie", "en", "17", "stuks", "besteld", "slaven", ",", "als", "passagiers", "den", "meede", "burger", "Martinis", "Piloor", "nevens", "'", "v", "leijff", "Eijgen", ",", "den", "Jnlanders", "April", "nevens", "vrouw", ",", "batjo", "nevens", "vrouw", ",", "sambie", "lang", "nevens", "vrouw", "_", "\u201e", "o", "den", "burger", "Axel", "Anthonij", "Rosenquits", "nevens", "3", "lijffEijgen", ",", "per", "Paduwackang", "gent", "\u201e", "t", "de", "Jonge", "Dirk", ",", "groot", "25", "lasten", ",", "bemant", "met", "24", "koppen", ",", "was", "gemontheerd", "met", "7", "p", "\u201e", "s", "metaele", "stukjes", ",", "14", "p", "\u201e", "s", "snaphanen", ",", "6", "donderbussen", "2", "pistoolen", ",", "8", "assegaijen", "en", "100", "lb", "bus", "kruijt", ",", "neemt", "meede", "21", "stuks", "sComp", "\u201e", "s", "slaven", ",", "100", "stuks", "negotie", "en", "13", "stuks", "besteld", "slaven", ",", "als", "passagiers", "Jnlander", "bora", "him", "nevens", "zoon", "gen", "\u201e", "t", "roembang", "\u201e", "26", "_", "\u201e", "o", "\u201e", "\u201e", "_", "\u201e", "o", "den", "maleijer", "Jntje", "salee", "nevens", "3", "lyff", "Eijgenen", "per", "Chialoep", "van", "den", "meede", "maleijer", "Jntje", "Sadulla", "groot", "30", "lasten", "bemant", "met", "27", "koppen", "was", "gemontheerd", "met", "1", "p", "\u201e", "s", "Eijzere", "en", "7", "p", "\u201e", "s", "Koopere", "stukjes", ",", "2", "p", "\u201e", "s", "sonderbussen", ",", "8", "snaphanen"], "events": ["O", "O", "O", "O", "O", "O", "O", "O", "O", "O", "O", "O", "O", "O", "O", "O", "O", "O", "O", "O", "O", "O", "O", "O", "O", "O", "O", "O", "O", "O", "O", "O", "O", "O", "O", "O", "O", "O", "O", "O", "O", "O", "O", "O", "O", "O", "O", "O", "O", "O", "O", "O", "O", "O", "O", "O", "O", "O", "O", "O", "O", "O", "O", "O", "O", "O", "O", "O", "O", "O", "O", "O", "O", "O", "O", "O", "O", "O", "O", "O", "O", "O", "O", "O", "O", "O", "O", "O", "O", "O", "O", "O", "O", "O", "O", "O", "O", "O", "O", "O", "O", "O", "O", "O", "O", "O", "O", "O", "O", "O", "O", "O", "O", "O", "O", "O", "O", "O", "O", "O", "O", "O", "O", "O", "O", "O", "O", "O", "O", "O", "O", "O", "O", "O", "O", "O", "O", "O", "O", "O", "O", "O", "O", "O", "O", "O", "O", "O", "O", "O", "O", "O", "O", "O", "O", "O", "O", "O", "O", "O", "O", "O", "O", "O", "O", "O", "O", "O", "O", "O", "O", "O", "O", "O", "O", "O", "O", "O", "O", "O", "O", "O", "O", "O", "O", "O", "O", "O", "O", "O", "O", "O", "O", "O", "O", "O", "O", "O", "O", "O", "O", "O", "O", "O", "O", "O", "O", "O", "O", "O", "O", "O", "O", "O", "O", "O", "O", "O", "O", "O", "O", "O", "O", "O", "O", "O", "O", "O", "O", "O", "O", "O", "O", "O", "O", "O", "O", "O", "O", "O", "O", "O", "O", "O", "O", "O", "O", "O", "O", "O", "O", "O", "O", "O", "O", "O", "O", "O", "O", "O", "O", "O", "O", "O", "O", "O", "O", "O", "O", "O", "O", "O", "O", "O", "O", "O", "O", "O", "O", "O", "O", "O", "O", "O", "O", "O", "O", "O", "O", "O", "O", "O", "O", "O", "O", "O", "O", "O", "O", "O", "O", "O", "O", "O", "O", "O", "O", "O", "O", "O", "O", "O", "O", "O", "O", "O", "O", "O", "O", "O", "O", "O", "O", "O", "O", "O", "O", "O", "O"]}
{"words": ["150", "lb", "buskruijt", ",", "neemt", "meede", "200", "pic", "\u201e", "s", "trippangs", ",", "3", "pic", "\u201e", "s", "Caretten", ",", "33", "stuxs", "slaven", "ter", "bestelling", "den", "26", "Maij", "na", "Batavia", "den", "sComp", "\u201e", "s", "onderdaan", "Caretoelolo", "per", "Paduwackang", "nevens", "'", "1", "leijff", "Eijgen", ",", "bemant", "met", "16", "koppen", ",", "was", "gemontheerd", "met", "2", "p", "\u201e", "s", "rantack", ":", ",", "1", "p", "\u201e", "s", "metale", "stukjes", ",", "76", "p", "\u201e", "s", "snaphanen", "en", "50", "lb", "buskruijt", ",", "neemt", "meede", "t", "stuks", "s", "Comp", "\u201e", "s", "slaven", "en", "2", "stuks", "besteld", "slaven", ",", "als", "passagiers", "den", "arabier", "hadjie", "Abdul", "schap", "nevens", "5", "vrouwen", ",", "4", "Kinderen", "en", "vlijff", "Eijgen", "\u201e", "6", "Junij", "\u201e", "_", "o", "\u201e", "den", "Chinees", "Ongsianko", "per", "dito", "groot", "20", "lasten", "bemant", "met", "23", "koppen", "was", "gemontheerd", "met", "6", "p", "\u201e", "s", "Eijzere", "stukjes", ",", "12", "snaphanen", ",", "2", "p.", "s", "rantackangs", "en", "100", "lb", "buskruijt", "neemt", "meede", "100", "pic", "\u201e", "s", "trippangs", "en", "45", "slaven", "ter", "negotie", ";", "als", "passagiers", "den", "meede", "Chineesen", "ongtonglo", ",", "tanghoko", ",", "tjelaijko", "en", "onghanteeng", "\u201e", "_", "o", "\u201e", "\u201e", "_", "\u201e", "o", "den", "Chinees", "Tiohaijsoe", "nevens", "vlyff", "Eijgen", "per", "dito", "groot", "18", "lasten", ",", "bemant", "met", "24", "koppen", ",", "was", "gemontheerd", "met", "6", "rantackangs", ",", "12", "snaphanen", ",", "6", "donderbus/", "en", "25", "lb", "buskruijt", ",", "neemt", "meede", "100", "pic", "\u201e", "s", "trippangs", ",", "10", "pic", "\u201e", "s", "wax10", "pic", "\u201e", "s", "Caretten", "en", "30", "koppen", "slaven", "ter", "negotie", "als", "passagiers", "den", "meede", "Chineesen", "Theongdiang", ",", "souwakang", ",", "ko", "ieokeing", ",", "onghioks", "eeng", "que", "tonghaan", ",", "tyechimseenen", "en", "den", "Jnlandsche", "vrouw", "Amma", "Ponda", "Nevens", "Een", "lijff", "Eijgen", "\u201e", "\u201e", "_", "o", "\u201e", "\u201e", "_", "\u201e", "o", "den", "maleijer", "Jntje", "gaddong", "per", "dito", "groot", "9", "lasten", ",", "bemant", "met", "23", "koppen", ",", "was", "gemontheerd", "met", "2", "p", "\u201e", "s", "metaale", "en", "2", "p", "\u201e", "s", "Eijzere", "stukjes", ",", "2", "rantackangs", ",", "6", "snaphaanen", ",", "4", "donderbussen", "en", "100", "lb", "bus", "kruijt", ",", "neemt", "meede"], "events": ["O", "O", "O", "O", "O", "O", "O", "O", "O", "O", "O", "O", "O", "O", "O", "O", "O", "O", "O", "O", "O", "O", "O", "O", "O", "O", "O", "O", "O", "O", "O", "O", "O", "O", "O", "O", "O", "O", "O", "O", "O", "O", "O", "O", "O", "O", "O", "O", "O", "O", "O", "O", "O", "O", "O", "O", "O", "O", "O", "O", "O", "O", "O", "O", "O", "O", "O", "O", "O", "O", "O", "O", "O", "O", "O", "O", "O", "O", "O", "O", "O", "O", "O", "O", "O", "O", "O", "O", "O", "O", "O", "O", "O", "O", "O", "O", "O", "O", "O", "O", "O", "O", "O", "O", "O", "O", "O", "O", "O", "O", "O", "O", "O", "O", "O", "O", "O", "O", "O", "O", "O", "O", "O", "O", "O", "O", "O", "O", "O", "O", "O", "O", "O", "O", "O", "O", "O", "O", "O", "O", "O", "O", "O", "O", "O", "O", "O", "O", "O", "O", "O", "O", "O", "O", "O", "O", "O", "O", "O", "O", "O", "O", "O", "O", "O", "O", "O", "O", "O", "O", "O", "O", "O", "O", "O", "O", "O", "O", "O", "O", "O", "O", "O", "O", "O", "O", "O", "O", "O", "O", "O", "O", "O", "O", "O", "O", "O", "O", "O", "O", "O", "O", "O", "O", "O", "O", "O", "O", "O", "O", "O", "O", "O", "O", "O", "O", "O", "O", "O", "O", "O", "O", "O", "O", "O", "O", "O", "O", "O", "O", "O", "O", "O", "O", "O", "O", "O", "O", "O", "O", "O", "O", "O", "O", "O", "O", "O", "O", "O", "O", "O", "O", "O", "O", "O", "O", "O", "O", "O", "O", "O", "O", "O", "O", "O", "O", "O", "O", "O", "O", "O", "O", "O", "O", "O", "O", "O", "O", "O", "O", "O", "O", "O", "O", "O", "O", "O", "O", "O", "O", "O", "O", "O", "O", "O", "O", "O", "O", "O", "O", "O", "O", "O", "O", "O", "O", "O", "O", "O", "O", "O", "O", "O", "O", "O", "O", "O", "O"]}
{"words": ["200", "pic", "\u201e", "s", "trippangs", "2", "pi", "C", "\u201e", "s", "wax", "en", "11", "stuks", "slaven", "ter", "bestelling", ",", "als", "passagier", "den", "Arabiers", "toeang", "Said", "Jseeng", ",", "en", "said", "alawie", "nevens", "vlijff", "Eijgen", "den", "Chinees", "Linkowanko", ",", "per", "barcq", "groot", "90", "lasten", ",", "bemant", "met", "29", "koppen", ",", "was", "gemontheerd", "met", "10", "p", "\u201e", "s", "kanons", ",", "4", "donderbussen", ",", "4", "p", "\u201e", "s", "snaphanen", "en", "2", "vatjes", "buskruijt", ",", "neemt", "meede", "300", "pic", "\u201e", "s", "trippangs", ",", "30", "pic", "\u201e", "s", "wax", "en", "5", "stuxs", "slaven", "ter", "negotie", ",", "als", "passagiers", "den", "meede", "Chineesen", "Tansoko", ",", "en", "tontjaseeng", "den", "Chinees", "Gotjantjoong", "per", "gonting", "groot", "8", "lasten", "bemant", "met", "15", "koppen", "was", "gemontheerd", "met", "1", "p", "\u201e", "s", "rantackangs", "2", "p", "\u201e", "s", "snaphanen", "en", "25", "lb", ":", "buskruijt", "neemt", "meede", "10", "pic", "\u201e", "s", "trippangs", "8", "pi", "C", "\u201e", "agar", "agar", ",", "8", "Cong", ":", "s", "Javase", "kleetjes", "en", "1", "laaf", "ter", "negotie", "\u201e", "\u201e", "_", "o", "\u201e", "\u201e", "_", "o", "\u201e", "den", "Chinees", "Orignjeko", "nevens", "1", "lijff", "ijpen", "per", "Patuwackang", "groot", "16", "lasten", "bemant", "met", "17", "koppen", ",", "was", "gemontheerd", "met", "6", "p", "\u201e", "s", "rantackangs", ",", "6", "p", "\u201e", "s", "donderbussen", ",", "8", "p", "\u201e", "s", "snaphaanen", "en", "25", "lb", "buskruijt", ",", "neemt", "meede", "100", "pic", ":o", "treppangs", ",", "16", "stukks", "slaven", "ter", "bestelling", "22", "stuxs", "ter", "negotie", "als", "passagiers", "den", "meede", "Chinees", "Niobongo", "Nevens", "v", "leijff", "Eijgen", ",", "en", "den", "Jnlander", "alie", "met", "zijn", "vrouw", "_", "\u201e", "den", "Chinees", "Konkiseeng", "nevens", "vlijff", "Eijgen", "per", "dito", "groot", "15", "lasten", ",", "bemant", "met", "15", "koppen", ",", "was", "gemontheerd", "met", "4", "p", "\u201e", "s", "Eijzere", "en", "4", "p", "\u201e", "s", "metaale", "stukjes", ",", "12", "p", "\u201e", "s", "snaphanen", ",", "4", "p", "\u201e", "s", "donderbussen", "en", "100", "lb", "bus", "kruijt", ",", "neemt", "meede", "16", "pic", "\u201e", "s", "wax", "en", "15", "stuks", "bestelde", "slaven", ",", "als", "passagier", "den"], "events": ["O", "O", "O", "O", "O", "O", "O", "O", "O", "O", "O", "O", "O", "O", "O", "O", "O", "O", "O", "O", "O", "O", "O", "O", "O", "O", "O", "O", "O", "O", "O", "O", "O", "O", "O", "O", "O", "O", "O", "O", "O", "O", "O", "O", "O", "O", "O", "O", "O", "O", "O", "O", "O", "O", "O", "O", "O", "O", "O", "O", "O", "O", "O", "O", "O", "O", "O", "O", "O", "O", "O", "O", "O", "O", "O", "O", "O", "O", "O", "O", "O", "O", "O", "O", "O", "O", "O", "O", "O", "O", "O", "O", "O", "O", "O", "O", "O", "O", "O", "O", "O", "O", "O", "O", "O", "O", "O", "O", "O", "O", "O", "O", "O", "O", "O", "O", "O", "O", "O", "O", "O", "O", "O", "O", "O", "O", "O", "O", "O", "O", "O", "O", "O", "O", "O", "O", "O", "O", "O", "O", "O", "O", "O", "O", "O", "O", "O", "O", "O", "O", "O", "O", "O", "O", "O", "O", "O", "O", "O", "O", "O", "O", "O", "O", "O", "O", "O", "O", "O", "O", "O", "O", "O", "O", "O", "O", "O", "O", "O", "O", "O", "O", "O", "O", "O", "O", "O", "O", "O", "O", "O", "O", "O", "O", "O", "O", "O", "O", "O", "O", "O", "O", "O", "O", "O", "O", "O", "O", "O", "O", "O", "O", "O", "O", "O", "O", "O", "O", "O", "O", "O", "O", "O", "O", "O", "O", "O", "O", "O", "O", "O", "O", "O", "O", "O", "O", "O", "O", "O", "O", "O", "O", "O", "O", "O", "O", "O", "O", "O", "O", "O", "O", "O", "O", "O", "O", "O", "O", "O", "O", "O", "O", "O", "O", "O", "O", "O", "O", "O", "O", "O", "O", "O", "O", "O", "O", "O", "O", "O", "O", "O", "O", "O", "O", "O", "O", "O", "O", "O", "O", "O", "O", "O", "O", "O", "O", "O", "O", "O", "O", "O", "O", "O", "O", "O", "O"]}
{"words": ["Jnlandsche", "vrouw", "Sadja", "den", "5\u201ee", "Julij", "na", "Batavia", "den", "burger", "Robbert", "wheijts", "nevens", "2", "leijff", "Eijpen", ",", "per", "Paduwac", "kang", ",", "groot", "8", "lasten", "bemant", "met", "16", "koppen", ",", "wasgemontheerd", "met", "2", "p", "\u201e", "s", "metaale", "stukjes", ",", "3", "p", "\u201e", "s", "musquitonders", ",", "1", "sonderbus", ",", "snaphanen", "en", "25", "lb", "bus", "kruijt", "neemt", "meede", "36", "sComp", "\u201e", "s", "slaaven", "en", "42", "stuks", "ter", "negotie", ",", "als", "passagiers", "den", "meede", "burger", "Matth", "\u201e", "s", "de", "Haan", "Juff", "\u201e", "w", "Magdaleena", "Mulder", "nevens", "2", "leijff", "Eijgenden", "Jnlanders", "Care", "soero", ",", "moentoe", ",", "Ambo", "Laoegie", "7", "_", "\u201e", "o", "\u201e", "\u201e", "_", "\u201e", "o", "den", "burger", "Diogenes", "Tawaris", "nevens", "2", "leijff", "Eijgen", "per", "gonting", "groot", "9", "lasten", "bemant", "met", "27", "koppen", "was", "gemontheerd", "met", "6", "p", "\u201e", "s", "donderbussen", ",", "6", "p", "\u201e", "s", "snaphanen", "en", "50", "lb", ":", "bus", ".", "kruijt", ",", "neemt", "meede", "16", "stuxs", "besteld", "slaven", ",", "39", "stuxs", "ter", "negotie", "en", "56", "stuxs", "sComp", "\u201e", "s", "slaven", ",", "als", "passageers", "den", "meede", "burger", "Mariano", "Louwis", "en", "den", "Jnlander", "Bido", "_", "\u201e", "o", "\u201e", "den", "burger", "Hendrik", "Cornelis", "per", "dito", ",", "van", "den", "meede", "burger", "Robbert", "Wheijts", ",", "groot", "8", "lasten", "bemant", "met", "13", "koppen", "was", "gemontheerd", "met", "2", "p", "\u201e", "s", "metaele", "stukjes", ",", "3", "musquitonders", "1", "donderbus", "6", "snaphanen", "50", "lb", "bus", "kruijt", "neemt", "meede", "20", "koppen", "slaven", "ter", "negotie", "\u201e", "17", "_", "o", "\u201e", "\u201e", "_", "\u201e", "o", "den", "burger", "te", "Banda", "Jurriaan", "Eekboom", "nevens", "2", "Leijff", "Eijgen", "per", "Paduwa", "Rang", "groot", "4", "lasten", ",", "bemant", "met", "30", "koppen", ",", "was", "gemontheerd", "met", "4", "p", "\u201e", "s", "snaphanen", "en", "3", "bossen", "scherpe", "patroonen", ",", "neemt", "meede", "1", "slaaff", "ter", "bestelling", "\u201e", "28", "_", "o", "\u201e", "\u201e", "_", "\u201e", "o", "den", "sComp", "\u201e", "s", "onderdaan", "Bappa", "Kama", "nevens", "2", "Lijff", "Eijgen"], "events": ["O", "O", "O", "O", "O", "O", "O", "O", "O", "O", "O", "O", "O", "O", "O", "O", "O", "O", "O", "O", "O", "O", "O", "O", "O", "O", "O", "O", "O", "O", "O", "O", "O", "O", "O", "O", "O", "O", "O", "O", "O", "O", "O", "O", "O", "O", "O", "O", "O", "O", "O", "O", "O", "O", "O", "O", "O", "O", "O", "O", "O", "O", "O", "O", "O", "O", "O", "O", "O", "O", "O", "O", "O", "O", "O", "O", "O", "O", "O", "O", "O", "O", "O", "O", "O", "O", "O", "O", "O", "O", "O", "O", "O", "O", "O", "O", "O", "O", "O", "O", "O", "O", "O", "O", "O", "O", "O", "O", "O", "O", "O", "O", "O", "O", "O", "O", "O", "O", "O", "O", "O", "O", "O", "O", "O", "O", "O", "O", "O", "O", "O", "O", "O", "O", "O", "O", "O", "O", "O", "O", "O", "O", "O", "O", "O", "O", "O", "O", "O", "O", "O", "O", "O", "O", "O", "O", "O", "O", "O", "O", "O", "O", "O", "O", "O", "O", "O", "O", "O", "O", "O", "O", "O", "O", "O", "O", "O", "O", "O", "O", "O", "O", "O", "O", "O", "O", "O", "O", "O", "O", "O", "O", "O", "O", "O", "O", "O", "O", "O", "O", "O", "O", "O", "O", "O", "O", "O", "O", "O", "O", "O", "O", "O", "O", "O", "O", "O", "O", "O", "O", "O", "O", "O", "O", "O", "O", "O", "O", "O", "O", "O", "O", "O", "O", "O", "O", "O", "O", "O", "O", "O", "O", "O", "O", "O", "O", "O", "O", "O", "O", "O", "O", "O", "O", "O", "O", "O", "O", "O", "O", "O", "O", "O", "O", "O", "O", "O", "O", "O", "O", "O", "O", "O", "O", "O", "O", "O", "O", "O", "O", "O", "O", "O", "O", "O", "O", "O", "O", "O", "O", "O", "O", "O", "O"]}
{"words": ["per", "Paduwakang", "groot", "6", "Lasten", ",", "bemant", "met", "26", "koppen", "was", "gemontheerd", "met", "6", "p", "\u201e", "s", "metaele", "stukjes", "5", "p", "\u201e", "s", "donderbussen", ",", "8", "p", "\u201e", "s", "snaphaanen", "en", "50", "lb", "bus", "kruijt", ",", "neemt", "mede", "26", "sComp", "\u201e", "s", "slaven", ",", "1", "slaaff", "ter", "bestelling", "en", "25", "stuks", "ter", "negotie", "als", "passagiers", ",", "den", "burgers", "Leonardus", "rene", "de", "sverne", ",", "Joh", "\u201e", "s", "gerardus", ",", "Anthonij", "Tawaris", ",", "Jonas", "Lodewijk", "Makaijlie", ",", "den", "Jnlander", "Saviang", "en", "den", "Chinees", "Lim", "Ee", "Rong", "\u0192", "den", "29", "Julij", "na", "Batavia", "den", "maleijer", "Jntye", "Kawarie", "per", "dito", "groot", "5", "lasten", "bemant", "met", "10", "koppen", ",", "was", "gemontheerd", "met", "2", "p", "\u201e", "s", "rantackangs", "1", "donderbues", "6", "snaphanen", "en", "20", "lb", "buskruijt", "neemt", "meede", "22", "stuxs", "slaven", "ter", "negotie", "_", "\u201e", "o", "den", "burger", "Fred", "\u201e", "k", "Iansz", "voll", "nevens", "3", "Lijff", "Eijgen", "per", "dito", "groot", "8", "lasten", ",", "bemant", "met", "27", "koppen", ",", "was", "gemontheerd", "met", "4", "p", "\u201e", "s", "draijbassen", ",", "2", "rantackangs", "en", "25", "lb", "buskruijt", ",", "neemt", "meede", "16", "stuks", "besteld", "slaaven", ",", "57", "stuks", "'", "sComp", "\u201e", "s", "en", "50", "stuks", "negotie", ",", "als", "passagier", "den", "Chinees", "Libonteek", "en", "Bappa", "Nona", "_", "o", "\u201e", "den", "burger", "Claas", "fred", "\u201e", "k", "Herbst", "nevens", "2", "lijff", "Eeijgen", ",", "per", "dito", "groot", "8", "lasten", ",", "bemant", "met", "22", "koppen", ",", "was", "gemontheerd", "met", "4", "rantackangs", ",", "10", "snaphanen", "6", "donderbussen", "en", "25", "te", "buskruijt", ",", "als", "passagiers", "den", "Jnlanders", "Bapa", "nonatariema", ",", "Poea", "Mina", ",", "Lamoesoe", "en", "galla", "neemt", "meede", "69", "stuks", "slaven", ",", "ter", "negotie", ",", "9", "stuks", "ter", "bestelling", "en", "8", "stuxs", "van", "d", "'", "E", "Comp", "\u201e", "e", "E"], "events": ["O", "O", "O", "O", "O", "O", "O", "O", "O", "O", "O", "O", "O", "O", "O", "O", "O", "O", "O", "O", "O", "O", "O", "O", "O", "O", "O", "O", "O", "O", "O", "O", "O", "O", "O", "O", "O", "O", "O", "O", "O", "O", "O", "O", "O", "O", "O", "O", "O", "O", "O", "O", "O", "O", "O", "O", "O", "O", "O", "O", "O", "O", "O", "O", "O", "O", "O", "O", "O", "O", "O", "O", "O", "O", "O", "O", "O", "O", "O", "O", "O", "O", "O", "O", "O", "O", "O", "O", "O", "O", "O", "O", "O", "O", "O", "O", "O", "O", "O", "O", "O", "O", "O", "O", "O", "O", "O", "O", "O", "O", "O", "O", "O", "O", "O", "O", "O", "O", "O", "O", "O", "O", "O", "O", "O", "O", "O", "O", "O", "O", "O", "O", "O", "O", "O", "O", "O", "O", "O", "O", "O", "O", "O", "O", "O", "O", "O", "O", "O", "O", "O", "O", "O", "O", "O", "O", "O", "O", "O", "O", "O", "O", "O", "O", "O", "O", "O", "O", "O", "O", "O", "O", "O", "O", "O", "O", "O", "O", "O", "O", "O", "O", "O", "O", "O", "O", "O", "O", "O", "O", "O", "O", "O", "O", "O", "O", "O", "O", "O", "O", "O", "O", "O", "O", "O", "O", "O", "O", "O", "O", "O", "O", "O", "O", "O", "O", "O", "O", "O", "O", "O", "O", "O", "O", "O", "O", "O", "O", "O", "O", "O", "O", "O", "O", "O", "O", "O", "O", "O", "O", "O", "O", "O", "O", "O", "O", "O", "O", "O", "O", "O", "O", "O", "O", "O", "O", "O", "O", "O", "O", "O", "O", "O", "O", "O", "O", "O", "O", "O", "O", "O", "O"]}
{"words": ["den", "3", "Septemb", ":", "na", "Batavia", "den", "burger", "Sijmen", "Brouwer", "nevens", "2", "lijff", "Eijgen", "per", "Barcq", "groot", "80", "lasten", "bemant", "met", "32", "koppen", "was", "gemontheerd", "met", "18", "metale", "stukjes", "24", "snaphanen", "12", "donderbussen", ",", "12", "pistoolen", ",", "12", "houwers", "4oot", "bud", "kruijt", "neemt", "niets", "meede", "\u201e", "22", "_", "\u201e", "o", "\u201e", "\u201e", "_", "o", "\u201e", "den", "Wadyorees", "Lamalla", "per", "Paduwackang", "groot", "7", "lasten", "bemant", "met", "25", "koppen", ",", "was", "gemontheerd", "met", "30", "snaphanen", "en", "4", "donderbussen", "6", "rantackangs", ".", "en", "40", "lb", "bus", "kruijt", "neemt", "meede", "50", "Corg", ":", "boogineese", "kleeden", "/onderstond/", "Maccasser", "adijn", "ultimo", "september", "A", "\u201e", "o", "1781", "/was", "geteekend/", "J", "\u201e", "b", "L", "\u201e", "s", "de", "Vos", "Siab", ":"], "events": ["O", "O", "O", "O", "O", "O", "O", "O", "O", "O", "O", "O", "O", "O", "O", "O", "O", "O", "O", "O", "O", "O", "O", "O", "O", "O", "O", "O", "O", "O", "O", "O", "O", "O", "O", "O", "O", "O", "O", "O", "O", "O", "O", "O", "O", "O", "O", "O", "O", "O", "O", "O", "O", "O", "O", "O", "O", "O", "O", "O", "O", "O", "O", "O", "O", "O", "O", "O", "O", "O", "O", "O", "O", "O", "O", "O", "O", "O", "O", "O", "O", "O", "O", "O", "O", "O", "O", "O", "O", "O", "O", "O", "O", "O", "O", "O", "O", "O", "O", "O", "O", "O", "O", "O", "O", "O", "O", "O", "O", "O", "O", "O"]}
{"words": ["Accordeert", "P", "Seijns", "GClerq"], "events": ["O", "O", "O", "O"]}
