{"words": ["Batavia"], "ignition": ["O"], "events": ["O"], "arguments": ["O"]}
{"words": ["Aan", "zijn", "Hoogedelheid", "der", "Hoogedelen", "Groot", "achtbaaren", "Heer", "M", ":", "r", "Willem", "Arnold", "Alling", ",", "Gouverneur", "Generaal", ",", "benevens", "de", "Weledele", "Gestrenge", "Heeren", "Raaden", "van", "Nederlandsch", "Indie"], "ignition": ["O", "O", "O", "O", "O", "O", "O", "O", "O", "O", "O", "O", "O", "O", "O", "O", "O", "O", "O", "O", "O", "O", "O", "O", "O", "O", "O"], "events": ["O", "O", "O", "O", "O", "O", "O", "O", "O", "O", "O", "O", "O", "O", "O", "O", "O", "O", "O", "O", "O", "O", "O", "O", "O", "O", "O"], "arguments": ["O", "O", "O", "O", "O", "O", "O", "O", "O", "O", "O", "O", "O", "O", "O", "O", "O", "O", "O", "O", "O", "O", "O", "O", "O", "O", "O"]}
{"words": ["Hoogedele", "Groot", "Achtbaere", "Heer", "Wel", "Edele", "gestrenge", "Heeren", "."], "ignition": ["O", "O", "O", "O", "O", "O", "O", "O", "O"], "events": ["O", "O", "O", "O", "O", "O", "O", "O", "O"], "arguments": ["O", "O", "O", "O", "O", "O", "O", "O", "O"]}
{"words": ["Bij", "onzen", "thans", "overgaanden", "Eisch", "hebben", "wij", "1200", "lasten", "rijst", "gesteld", ",", "en", "wij", "gebruken", "de", "vrijheid", "de", "volstrekte", "noodzaakelijkheid", "daar", "van", "hier", "mede", "nader", "eerbiedig", "aan", "te", "toonen", ":", "De", "gesteldheid", "van", "de", "Rust", "Kormandel", ",", "die", "steets", "onze", "graan", "schuur", "is", ",", "geweest", "is", "zoo", "onzeeker", ",", "dat", "daarop", "geen", "de", "minste", "staat", "te", "maaken", "is", ".", "Daar", "bij", "is", "het", "land", "zodanig", "verwoest", ",", "dat", "men", "aldaar", "zelfs", ",", "en", "niet", "zonder", "reeden", ",", "Voor", "een", "honger", "nood", "beducht", "is", ",", "dus", "kunnen", "wij", "van", "daar", "geen", "de", "minste", "onder", "stand", "verwach", "\u201e"], "ignition": ["O", "O", "O", "B-isOfType", "B-isOfType", "O", "O", "O", "O", "O", "O", "O", "O", "O", "O", "O", "O", "O", "O", "O", "O", "O", "O", "O", "O", "O", "O", "O", "O", "O", "O", "O", "O", "O", "O", "O", "O", "O", "O", "O", "O", "O", "O", "O", "O", "O", "O", "B-isOfType", "O", "O", "O", "O", "O", "O", "O", "O", "O", "O", "O", "O", "O", "O", "O", "O", "O", "B-isOfType", "O", "O", "O", "O", "O", "O", "O", "O", "O", "O", "O", "O", "O", "O", "O", "O", "O", "O", "O", "O", "O", "O", "O", "O", "O", "O", "O", "O", "O", "O", "O", "O"], "events": ["O", "O", "O", "B-Translocation", "B-Request", "O", "O", "O", "O", "O", "O", "O", "O", "O", "O", "O", "O", "O", "O", "O", "O", "O", "O", "O", "O", "O", "O", "O", "O", "O", "O", "O", "O", "O", "O", "O", "O", "O", "O", "O", "O", "O", "O", "O", "O", "O", "O", "B-HavingInternalState-", "O", "O", "O", "O", "O", "O", "O", "O", "O", "O", "O", "O", "O", "O", "O", "O", "O", "B-BeingDestroyed", "O", "O", "O", "O", "O", "O", "O", "O", "O", "O", "O", "O", "O", "O", "O", "O", "O", "O", "O", "O", "O", "O", "O", "O", "O", "O", "O", "O", "O", "O", "O", "O"], "arguments": ["O", "O", "O", "O", "B-arg", "O", "B-arg", "O", "O", "O", "O", "O", "O", "O", "O", "O", "O", "O", "O", "O", "O", "O", "O", "O", "O", "O", "O", "O", "O", "O", "B-arg", "I-arg", "I-arg", "I-arg", "I-arg", "I-arg", "O", "O", "O", "O", "O", "O", "O", "O", "O", "O", "O", "O", "O", "O", "O", "O", "O", "O", "O", "O", "O", "O", "O", "O", "O", "O", "B-arg", "I-arg", "O", "O", "O", "O", "O", "O", "O", "O", "O", "O", "O", "O", "O", "O", "O", "O", "O", "O", "O", "O", "O", "O", "O", "O", "O", "O", "O", "O", "O", "O", "O", "O"]}
{"words": ["De", "heer", "Kommandeur", "van", "Angelbeek", "heeft", "ons", "Wel", "seshonderd", "lasten", "rijst", "toegezegd", ",", "doch", "dezelve", "moeten", "in", "de", "aanstaande", "maand", "April", "Worden", "afgehaald", ",", "Wijl", "ner", "laater", "geen", "schip", "op", "de", "koettjiensche", "rheede", "durf", "vertrouwen", ",", "en", "daar", "toe", "zien", "wij", "geen", "mogelijkheid", ",", "Vermits", "wij", "geen", "scheepen", "tot", "den", "afhaal", "aan", "harden"], "ignition": ["O", "O", "O", "O", "O", "O", "O", "O", "O", "O", "O", "B-evokes", "O", "O", "O", "O", "O", "O", "O", "O", "O", "O", "B-evokes", "O", "O", "O", "O", "O", "O", "O", "O", "O", "O", "O", "B-evokes", "O", "O", "O", "O", "O", "O", "O", "O", "O", "O", "O", "O", "O", "O", "O", "B-evokes", "O", "O", "O", "O"], "events": ["O", "O", "O", "O", "O", "O", "O", "O", "O", "O", "O", "B-HavingContractualAgreement", "O", "O", "O", "O", "O", "O", "O", "O", "O", "O", "B-Transportation", "O", "O", "O", "O", "O", "O", "O", "O", "O", "O", "O", "B-Translocation", "O", "O", "O", "O", "O", "O", "O", "O", "O", "O", "O", "O", "O", "O", "O", "B-Translocation", "O", "O", "O", "O"], "arguments": ["B-arg", "I-arg", "I-arg", "I-arg", "I-arg", "O", "B-arg", "O", "O", "O", "O", "O", "O", "O", "B-arg", "O", "B-arg", "I-arg", "I-arg", "I-arg", "I-arg", "O", "O", "O", "O", "O", "B-arg", "O", "B-arg", "O", "B-arg", "I-arg", "I-arg", "O", "O", "O", "O", "O", "O", "O", "O", "O", "O", "O", "O", "B-arg", "O", "B-arg", "B-arg", "O", "O", "O", "O"]}
{"words": ["hebben", "en", "Wanneer", "Wij", "dezelve", "ook", "hadden", ",", "zonden", "ze", "dog", "zonder", "een", "goed", "konvooij", "niet", "gewaagd", "Worden", ",", "Wijl", "de", "Bombaijsche", "fregatten", "nog", "bestendig", "op", "de", "hoogte", "van", "koetsjien", "kruissen", ".", "Wat", "er", "te", "gen", "de", "opere", "Vaart", "/", ":", "die", "niet", "Voor", "half", "Oktober", "gerekend", "mag", "Worden:/", "op", "Mallabaar", "Voorvallen", "kan", ",", "mogen", "wij", "niet", "gissen", ",", "en", "zoo", "Wij", "deeze", "zelkonder-", "lasten", "Mallabaers", "rijst", "kreegen", ",", "bij", "de", "geeischte", "Javasche", ",", "zoude", "onze", "Voorraad", "naar", "maatig", "zijn", ",", "Wijl", "de", "Fransche", "Vloot", "zeken", "on", "rijst", "zal", "vraagen", ",", "en", "de", "gemeente", "geen", "aanvoer", "uit", "Boengaale", "hoopen", "kan", ".", "Om", "deeze", "reedenen", "verzoeken", "Wij", "Uwe", "Hoog", "Edelheeden", "nogmaals", "op", "het", "ootmoedigste", ",", "om", "onzer", "voormelden", "Eisch", "kompleet", "te", "Willen", "voldoen", ",", "Wijl", "wij", "andersints", "in", "een", "indoorkonelijke", "Verleegerheid", "zouden", "VerVallen", ".", "Een", "schip", "Voor", "Gale", "en", "een", "Voor", "Kolombo", ",", "zouden", "in", "Juri", "dienen", "te", "Vertrekken", ",", "om", "tijding", "in", "Augustus", "hier", "te", "weezen", "zij", "komen", "bewesten", "de", "Maldivos", "en", "mag", "de", "reize", "dus", "op", "niet", "minder", "dan", "twee", "maanden", "bereekend", "Worden", ".", "Wanneer", "UWe", "Hoogedelheeden", ",", "gelijk", "doorgaans", ",", "groote", "scheepen", "tot", "deezer", "togt", "uit", "kiezen", ",", "zal", "nog", "een", "derde", "niet", "alleen", "de", "gevraagde", "rijst", ",", "maar", "ook", "de", "overige", "goederen", "kunnen", "mede", "neemen", ",", "Vermits", "wij", "zo", "lang", "de", "oorlog", "duurt", ",", "op", "geen", "onderlaag", "voor", "de", "retourscheepen", "denken", "mogen", ".", "Wij", "verzoeken", "dan", ",", "dat", "ook", "dit", "derde", "schip", "de", "twee", "anderen", "spoedig", "volge", ",", "op", "dat", "het", "in", "september", "hier", "zij", ",", "Voor", "dat", "de", "goede", "Moesson", "Vijandelijke", "kruissers", "na", "deezer", "kant", "doe", "Verschijnen", ",", "en", "dat", "alle", "drie", "scheepen", "last", "krijgen", "om", "de", "Mallabaarsche", "kust", ",", "na", "dat", "zij", "het", "karaal", "tusschen", "de", "Maldivos", "en", "LakkeriVes", "doorgevaaren", "zijn", ",", "op", "eene", "voorzigtige", "Wijze", "te", "Verkennen", ",", "en", "na", "\u201e"], "ignition": ["O", "O", "O", "O", "O", "O", "B-isOfType", "O", "O", "O", "O", "O", "O", "O", "O", "O", "B-evokes", "O", "O", "O", "O", "O", "O", "O", "O", "O", "O", "O", "O", "O", "B-isOfType", "O", "O", "O", "O", "O", "O", "O", "O", "O", "O", "O", "O", "O", "O", "O", "O", "O", "O", "O", "O", "O", "O", "O", "O", "O", "O", "O", "O", "O", "O", "O", "O", "O", "O", "O", "O", "B-isOfType", "O", "O", "O", "B-evokes", "O", "O", "O", "O", "B-evokes", "O", "O", "O", "O", "O", "O", "O", "O", "O", "O", "O", "O", "B-isOfType", "O", "O", "O", "O", "O", "B-evokes", "O", "O", "O", "O", "O", "O", "O", "O", "B-isOfType", "O", "O", "O", "O", "O", "O", "O", "O", "O", "O", "O", "O", "B-evokes", "O", "O", "O", "O", "O", "O", "O", "O", "O", "O", "O", "O", "O", "B-evokes", "O", "O", "O", "O", "O", "O", "O", "O", "O", "O", "O", "O", "O", "O", "O", "B-isOfType", "O", "O", "O", "O", "O", "O", "O", "B-evokes", "O", "B-isOfType", "O", "O", "O", "O", "O", "O", "B-isOfType", "O", "O", "O", "O", "O", "O", "O", "O", "O", "O", "O", "O", "O", "O", "O", "O", "O", "O", "O", "O", "O", "B-isOfType", "O", "O", "O", "O", "O", "O", "O", "O", "O", "O", "O", "O", "O", "O", "O", "O", "O", "O", "O", "B-isOfType", "I-isOfType", "O", "O", "O", "O", "O", "O", "B-isOfType", "O", "O", "O", "O", "B-evokes", "O", "O", "O", "O", "O", "O", "O", "B-isOfType", "O", "O", "O", "O", "O", "O", "O", "O", "O", "O", "O", "B-evokes", "O", "O", "O", "O", "O", "O", "O", "B-evokes", "O", "O", "O", "O", "O", "O", "O", "O", "O", "O", "O", "O", "B-evokes", "O", "O", "O", "O", "O", "O", "B-evokes", "I-evokes", "O", "O", "O", "O", "O", "O", "O", "O", "O", "O", "O", "O", "O", "O", "O", "B-isOfType", "O", "O", "O", "O", "O", "O", "O", "B-evokes", "O", "O", "O", "O", "O", "O", "O", "O", "O", "O", "O", "O", "O"], "events": ["O", "O", "O", "O", "O", "O", "B-HavingInPossession", "O", "O", "O", "O", "O", "O", "O", "O", "O", "B-Translocation", "O", "O", "O", "O", "O", "O", "O", "O", "O", "O", "O", "O", "O", "B-Translocation", "O", "O", "O", "O", "O", "O", "O", "O", "O", "O", "O", "O", "O", "O", "O", "O", "O", "O", "O", "O", "O", "O", "O", "O", "O", "O", "O", "O", "O", "O", "O", "O", "O", "O", "O", "O", "B-Getting", "O", "O", "O", "B-Request", "O", "O", "O", "O", "B-HavingInPossession", "O", "O", "O", "O", "O", "O", "O", "O", "O", "O", "O", "O", "B-Request", "O", "O", "O", "O", "O", "B-Transportation", "O", "O", "O", "O", "O", "O", "O", "O", "B-Request", "O", "O", "O", "O", "O", "O", "O", "O", "O", "O", "O", "O", "B-Request", "O", "O", "O", "O", "O", "O", "O", "O", "O", "O", "O", "O", "O", "B-HavingInternalState-", "O", "O", "O", "O", "O", "O", "O", "O", "O", "O", "O", "O", "O", "O", "O", "B-Leaving", "O", "O", "O", "O", "O", "O", "O", "B-Arriving", "O", "B-Translocation", "O", "O", "O", "O", "O", "O", "B-Voyage", "O", "O", "O", "O", "O", "O", "O", "O", "O", "O", "O", "O", "O", "O", "O", "O", "O", "O", "O", "O", "O", "B-Voyage", "O", "O", "O", "O", "O", "O", "O", "O", "O", "O", "O", "O", "O", "O", "O", "O", "O", "O", "O", "B-Transportation", "I-Transportation", "O", "O", "O", "O", "O", "O", "B-BeingInConflict", "O", "O", "O", "O", "B-EndingAWar", "O", "O", "O", "O", "O", "O", "O", "B-Request", "O", "O", "O", "O", "O", "O", "O", "O", "O", "O", "O", "B-Translocation", "O", "O", "O", "O", "O", "O", "O", "B-Arriving", "O", "O", "O", "O", "O", "O", "O", "O", "O", "O", "O", "O", "B-Arriving", "O", "O", "O", "O", "O", "O", "B-BeingInConflict", "I-BeingInConflict", "O", "O", "O", "O", "O", "O", "O", "O", "O", "O", "O", "O", "O", "O", "O", "B-Translocation", "O", "O", "O", "O", "O", "O", "O", "B-Translocation", "O", "O", "O", "O", "O", "O", "O", "O", "O", "O", "O", "O", "O"], "arguments": ["O", "O", "O", "B-arg", "B-arg", "O", "O", "O", "O", "B-arg", "O", "O", "O", "O", "O", "O", "O", "O", "O", "O", "B-arg", "I-arg", "I-arg", "O", "O", "B-arg", "I-arg", "I-arg", "I-arg", "I-arg", "O", "O", "O", "O", "O", "O", "O", "O", "O", "O", "O", "O", "O", "O", "O", "O", "O", "O", "O", "O", "O", "O", "O", "O", "O", "O", "O", "O", "O", "O", "O", "B-arg", "B-arg", "I-arg", "I-arg", "I-arg", "I-arg", "B-arg", "O", "O", "B-arg", "I-arg", "I-arg", "B-arg", "O", "O", "O", "O", "O", "O", "O", "O", "B-arg", "I-arg", "I-arg", "O", "O", "B-arg", "O", "O", "O", "O", "O", "O", "O", "O", "B-arg", "I-arg", "O", "O", "O", "O", "O", "O", "O", "B-arg", "B-arg", "B-arg", "I-arg", "B-arg", "O", "O", "O", "O", "O", "O", "O", "O", "O", "O", "O", "O", "O", "O", "B-arg", "O", "O", "O", "O", "O", "O", "O", "O", "B-arg", "I-arg", "I-arg", "I-arg", "B-arg", "B-arg", "B-arg", "I-arg", "B-arg", "B-arg", "B-arg", "I-arg", "O", "O", "O", "O", "O", "B-arg", "I-arg", "I-arg", "B-arg", "O", "O", "B-arg", "B-arg", "B-arg", "I-arg", "I-arg", "B-arg", "O", "O", "O", "O", "O", "O", "O", "O", "O", "O", "O", "O", "O", "O", "B-arg", "I-arg", "O", "O", "O", "O", "B-arg", "I-arg", "O", "O", "O", "O", "O", "O", "O", "O", "B-arg", "I-arg", "O", "O", "B-arg", "I-arg", "I-arg", "O", "O", "O", "B-arg", "I-arg", "I-arg", "O", "O", "O", "O", "O", "B-arg", "O", "O", "O", "O", "O", "O", "O", "O", "O", "O", "B-arg", "I-arg", "O", "O", "O", "B-arg", "O", "O", "O", "O", "O", "B-arg", "I-arg", "I-arg", "O", "O", "O", "O", "O", "O", "O", "O", "B-arg", "B-arg", "I-arg", "B-arg", "O", "O", "O", "O", "O", "O", "O", "B-arg", "I-arg", "B-arg", "I-arg", "I-arg", "O", "O", "O", "O", "O", "B-arg", "I-arg", "I-arg", "B-arg", "B-arg", "B-arg", "B-arg", "I-arg", "I-arg", "B-arg", "O", "O", "O", "B-arg", "I-arg", "I-arg", "I-arg", "I-arg", "I-arg", "I-arg", "O", "O", "O", "O", "O", "O", "O", "O", "O", "O", "O", "O", "O"]}
{"words": ["de", "Ceilonsche", "Wal", "over", "te", "steeken", ",", "en", "dat", "de", "Engelschen", "bij", "Mannapaar", "zouden", "kunnen", "kruissers", "houden", ".", "De", "over", "heden", "Van", "beide", "schepen", ",", "maar", "voor", "al", "Van", "'t", "geene", "Voor", "Gale", "gedestineerd", "is", ",", "Verzoeken", "wij", "boven", "des", "te", "onderrigten", ",", "dat", "de", "stroomen", "in", "de", "Zuid", "moessen", "voor", "Gale", "zo", "hevig", "om", "de", "Zuid", "Oost", "looper", ",", "dat", "een", "schip", "'t", "Welk", "maar", "even", "beneeden", "de", "baai", "is", ",", "met", "geen", "mogelijkheid", "de", "haven", "bezeilen", "kan", ",", "en", "dat", "zij", "dus", "alle", "Voorzorgen", "moeten", "gebruiken", ",", "om", "boven", "Wind", "en", "stroom", "van", "Gale", "te", "komen", ",", "en", "daar", "of", "ten", "anker", "komen", "of", "het", "onder", "zeil", "houden", ",", "na", "dat", "de", "geleegenheid", "toelaat", ",", "tot", "een", "loots", "buiten", "komt", "om", "hen", "binnen", "de", "haven", "te", "brengen", ";", "en", "dat", ",", "indier", "zij", "tegen", "alle", "hunne", "gebruikte", "Voorzorgen", "beneden", "de", "baai", "van", "Gale", "mogten", "Vervallen", ",", "zij", "het", "onder", "de", "Wal", "het", "zij", "Voor", "Gale", "of", "Mature", "moeten", "tragten", "te", "houden", ",", "en", "sein", "doen", ",", "Wanneer", "hen", "ten", "eersten", "een", "loots", "zal", "worden", "toegezonden", ",", "om", "hen", "in", "de", "baai", "Van", "Nilewelle", "te", "brengen", ",", "alwaar", "een", "schip", "Voor", "de", "Zuide", "Winden", "Veilig", "leggen", "kan", ",", "en", "de", "eerste", "Verandering", "van", "Wind", "en", "Stroon", "Kan", "Waarneemen", "om", "na", "Gale", "te", "Zeilen", ".", "Bij", "onzen", "eerbiedigen", "van", "den", "12:e", "februari", "hebben", "wij", "de", "eer", "gehad", "Uwe", "Hoog", "Edelheeden", "te", "bedeelen", ",", "de", "verslagenheid", "van", "het", "Randiasche", "Hof", "over", "den", "voorspoed", "van", "de", "Engelsche", "Wapenen", ",", "en", "dat", "het", "zelve", "ons", "kennis", "had", "gegeeven", "van", "een", "gezantschap", "van", "den", "Engelschen", ",", "'t", "Welk", "zoude", "moeten", "aangenomen", "Worden", "om", "hen", "niet", "te", "Verstooren", "maar", "de", "aankomst", "van", "een", "aanzienelijke", "Fransche", "Vloot", "schijnt", "'t", "Hof", "Van", "zijne", "ontsteltenis", "weder", "hersteld", "te", "hebben", ",", "Want", "straks", "na", "der", "ontvangst", "van", "deeze", "gewigtige", "tijding", "gaf", "het", "zelve", "ons", "kennisdat", "zij", "der", "Engelschen", "gezant", "na", "dat", "hij", "twintig", "dagen", "Was", "opgehouden", ","], "ignition": ["O", "O", "O", "B-isOfType", "I-isOfType", "I-isOfType", "O", "O", "O", "O", "O", "O", "O", "O", "O", "O", "B-isOfType", "O", "O", "O", "O", "O", "O", "O", "O", "O", "O", "O", "O", "O", "O", "O", "O", "B-evokes", "O", "O", "B-isOfType", "O", "O", "O", "O", "O", "O", "O", "O", "O", "O", "O", "O", "O", "O", "O", "O", "O", "O", "O", "O", "O", "B-evokes", "O", "O", "O", "O", "O", "O", "O", "O", "O", "O", "O", "B-isOfType", "O", "O", "O", "O", "O", "O", "B-isOfType", "O", "O", "O", "O", "O", "O", "O", "O", "O", "O", "O", "O", "O", "O", "O", "O", "O", "O", "O", "B-isOfType", "O", "O", "O", "O", "B-evokes", "I-evokes", "I-evokes", "O", "O", "B-evokes", "I-evokes", "I-evokes", "O", "O", "O", "O", "O", "O", "O", "O", "O", "O", "B-isOfType", "I-isOfType", "O", "O", "O", "O", "O", "O", "B-isOfType", "O", "O", "O", "O", "O", "O", "O", "O", "O", "O", "O", "O", "O", "O", "O", "O", "O", "B-evokes", "O", "O", "O", "O", "O", "O", "O", "O", "O", "O", "O", "O", "O", "O", "O", "B-evokes", "O", "O", "O", "O", "O", "O", "O", "O", "O", "O", "O", "O", "O", "B-isOfType", "O", "O", "O", "O", "O", "O", "O", "O", "O", "B-isOfType", "O", "O", "O", "O", "O", "O", "O", "O", "O", "B-isOfType", "O", "O", "O", "O", "O", "B-isOfType", "O", "O", "O", "O", "O", "O", "O", "O", "O", "O", "B-evokes", "O", "O", "O", "O", "O", "O", "O", "O", "O", "O", "O", "O", "O", "O", "O", "O", "O", "B-isOfType", "O", "O", "O", "O", "O", "O", "O", "O", "O", "B-isOfType", "O", "O", "O", "O", "O", "O", "O", "O", "O", "O", "B-isOfType", "I-isOfType", "I-isOfType", "O", "O", "B-evokes", "O", "O", "O", "O", "O", "O", "O", "O", "O", "O", "O", "O", "O", "O", "B-isOfType", "O", "O", "B-isOfType", "O", "O", "O", "O", "O", "O", "O", "O", "O", "O", "O", "O", "B-isOfType", "O", "O", "O", "O", "O", "O", "O", "B-isOfType", "O", "O", "O", "O", "B-evokes", "O", "O", "O", "O", "O", "O", "O", "O", "O", "O", "O", "O", "O", "O", "B-evokes", "O", "O", "O", "O", "O"], "events": ["O", "O", "O", "B-Translocation", "I-Translocation", "I-Translocation", "O", "O", "O", "O", "O", "O", "O", "O", "O", "O", "B-BeingAtAPlace", "O", "O", "O", "O", "O", "O", "O", "O", "O", "O", "O", "O", "O", "O", "O", "O", "B-Translocation", "O", "O", "B-Request", "O", "O", "O", "O", "O", "O", "O", "O", "O", "O", "O", "O", "O", "O", "O", "O", "O", "O", "O", "O", "O", "B-Translocation", "O", "O", "O", "O", "O", "O", "O", "O", "O", "O", "O", "B-BeingAtAPlace", "O", "O", "O", "O", "O", "O", "B-Translocation", "O", "O", "O", "O", "O", "O", "O", "O", "O", "O", "O", "O", "O", "O", "O", "O", "O", "O", "O", "B-Translocation", "O", "O", "O", "O", "B-BeingAtAPlace", "I-BeingAtAPlace", "I-BeingAtAPlace", "O", "O", "B-Translocation", "I-Translocation", "I-Translocation", "O", "O", "O", "O", "O", "O", "O", "O", "O", "O", "B-Translocation", "I-Translocation", "O", "O", "O", "O", "O", "O", "B-Translocation", "O", "O", "O", "O", "O", "O", "O", "O", "O", "O", "O", "O", "O", "O", "O", "O", "O", "B-Translocation", "O", "O", "O", "O", "O", "O", "O", "O", "O", "O", "O", "O", "O", "O", "O", "B-BeingAtAPlace", "O", "O", "O", "O", "O", "O", "O", "O", "O", "O", "O", "O", "O", "B-Translocation", "O", "O", "O", "O", "O", "O", "O", "O", "O", "B-Translocation", "O", "O", "O", "O", "O", "O", "O", "O", "O", "B-BeingAtAPlace", "O", "O", "O", "O", "O", "B-InternalChange", "O", "O", "O", "O", "O", "O", "O", "O", "O", "O", "B-Translocation", "O", "O", "O", "O", "O", "O", "O", "O", "O", "O", "O", "O", "O", "O", "O", "O", "O", "B-SocialInteraction", "O", "O", "O", "O", "O", "O", "O", "O", "O", "B-HavingInternalState+", "O", "O", "O", "O", "O", "O", "O", "O", "O", "O", "B-SocialInteraction", "I-SocialInteraction", "I-SocialInteraction", "O", "O", "B-Visit", "O", "O", "O", "O", "O", "O", "O", "O", "O", "O", "O", "O", "O", "O", "B-SocialInteraction", "O", "O", "B-Arriving", "O", "O", "O", "O", "O", "O", "O", "O", "O", "O", "O", "O", "B-HavingInternalState+", "O", "O", "O", "O", "O", "O", "O", "B-Getting", "O", "O", "O", "O", "B-SocialInteraction", "O", "O", "O", "O", "O", "O", "O", "O", "O", "O", "O", "O", "O", "O", "B-BeingAtAPlace", "O", "O", "O", "O", "O"], "arguments": ["B-arg", "I-arg", "I-arg", "O", "O", "O", "O", "O", "O", "O", "O", "B-arg", "I-arg", "O", "O", "B-arg", "O", "O", "B-arg", "I-arg", "I-arg", "I-arg", "I-arg", "I-arg", "O", "O", "O", "O", "O", "B-arg", "I-arg", "O", "B-arg", "O", "O", "O", "O", "B-arg", "O", "O", "O", "O", "O", "O", "B-arg", "I-arg", "I-arg", "I-arg", "I-arg", "I-arg", "I-arg", "I-arg", "O", "O", "B-arg", "I-arg", "I-arg", "I-arg", "O", "O", "O", "B-arg", "I-arg", "B-arg", "I-arg", "I-arg", "I-arg", "I-arg", "I-arg", "I-arg", "I-arg", "B-arg", "O", "O", "O", "B-arg", "I-arg", "O", "O", "O", "O", "O", "B-arg", "B-arg", "B-arg", "O", "O", "O", "O", "O", "B-arg", "I-arg", "I-arg", "I-arg", "I-arg", "I-arg", "B-arg", "B-arg", "O", "O", "O", "O", "O", "O", "O", "O", "B-arg", "O", "O", "O", "O", "O", "O", "O", "O", "O", "O", "O", "B-arg", "I-arg", "B-arg", "O", "O", "B-arg", "B-arg", "I-arg", "I-arg", "O", "O", "O", "O", "O", "O", "O", "B-arg", "B-arg", "O", "O", "O", "O", "B-arg", "I-arg", "I-arg", "I-arg", "I-arg", "O", "O", "O", "O", "O", "B-arg", "I-arg", "I-arg", "O", "O", "B-arg", "I-arg", "O", "B-arg", "O", "O", "O", "O", "O", "O", "O", "O", "O", "O", "B-arg", "O", "O", "B-arg", "I-arg", "B-arg", "O", "O", "O", "O", "B-arg", "O", "B-arg", "I-arg", "I-arg", "I-arg", "O", "O", "O", "B-arg", "B-arg", "I-arg", "B-arg", "O", "O", "O", "O", "O", "O", "O", "O", "O", "O", "O", "O", "B-arg", "I-arg", "I-arg", "O", "O", "O", "O", "B-arg", "O", "O", "O", "O", "O", "O", "O", "O", "O", "O", "O", "B-arg", "O", "O", "O", "B-arg", "I-arg", "I-arg", "O", "O", "O", "O", "O", "O", "B-arg", "I-arg", "I-arg", "O", "O", "O", "O", "B-arg", "I-arg", "I-arg", "O", "O", "O", "B-arg", "I-arg", "B-arg", "O", "O", "O", "O", "O", "O", "O", "B-arg", "I-arg", "O", "O", "O", "O", "O", "O", "O", "O", "B-arg", "O", "O", "O", "O", "O", "O", "O", "B-arg", "I-arg", "I-arg", "I-arg", "O", "B-arg", "I-arg", "O", "O", "O", "O", "O", "O", "O", "O", "O", "O", "O", "O", "O", "O", "B-arg", "I-arg", "I-arg", "O", "B-arg", "I-arg", "B-arg", "O", "B-arg", "B-arg", "I-arg", "I-arg", "O", "O", "B-arg", "O", "O", "O", "O", "O"]}
{"words": ["nu", "hadden", "Verwittigd", "dat", "hij", "moeste", "Vertrekken", ",", "maar", "dat", "hij", "geantwoord", "had", ",", "dat", ",", "Wijl", "hij", "door", "den", "heer", "Gouverneur", "Van", "Madras", "en", "den", "Nabab", "gezonden", "Was", ",", "hij", "niet", "konde", "vertrekken", "zonder", "aan", "'t", "Hof", "te", "komen", ",", "al", "zoude", "hij", "ook", "gedood", "Worden", "en", "dat", "wijl", "'t", "Verblijf", "van", "zulke", "wenscher", "in", "'t", "land", "schadelijk", "was", ",", "'t", "Hofbeslooten", "had", "den", "Engelschen", "gezant", "te", "ontvangen", "en", "te", "hooren", ",", "met", "bijvoeging", ",", "dat", "ons", "'t", "Verhandelde", "zoude", "bedeele", "Worden", ".", "Dit", "heeft", "'t", "Hof", "wij", "omstandig", "gedaan", "bij", "twee", "brieven", ",", "die", "met", "de", "daar", "op", "gepaste", "antwoorden", "onder", "de", "bijlaagen", "overgaan", ".", "Hier", "uit", "blijkt", ",", "dat", "'t", "Hlof", "bij", "zijne", "gevoelens", "tot", "aankleeving", "aan", "onze", "belangen", "onveranderlijk", "blijft", "volharden", ",", "'t", "Welk", "ons", "tot", "groote", "gerustheid", "strekt", "in", "de", "presente", "Kritike", "tijdsgesteldheid", ",", "maar", "het", "is", "echter", "niet", "te", "twijffelen", "of", "'t", "Hof", "zal", "door", "de", "opruijingen", "van", "de", "Engelschen", "zich", "gesterkt", "Vinder", ",", "om", "zijne", "vorige", "eischen", "tot", "terugge", "erlanging", "van", "de", "bevorens", "bezetene", "stranden", "en", "tot", "herstelling", "van", "het", "oude", "afgeschafte", "Ceremonieel", ",", "bij", "deeze", "geleegenheid", "met", "meerder", "nadruk", "door", "te", "zetten", "en", "zulx", "te", "meer", ",", "wijl", "de", "Engelsche", "gezant", ",", "zo", "als", "de", "hofsgroten", "met", "veel", "Waarschijnelijkheid", "voorgeeven", ",", "zig", "aan", "het", "afgeschafte", "Ceremonieel", "onder", "Worpen", ",", "en", "ook", "alle", "landen", "aan", "den", "Koning", "aangeboden", "heeft", ":", "en", "hoewel", "Wij", "bij", "deeze", "geleegendheid", "in", "het", "stuk", "van", "de", "eerbewijzing", "aan", "den", "koning", "niet", "minder", "zullen", "hunnen", "doen", "dan", "de", "Engelschen", ",", "is", "echter", "de", "koopman", "Billingdie", "Volgens", "het", "bedeelde", "bij", "\u00a7", "5", ".", "Van", "onzer", "heeden", "afgaanden", "gemeenen", "brief", "is", "na", "Randia", "Vertrokken", ",", "om", "den", "nieuwen", "Koning", "met", "desselfs", "komst", "op", "den", "troon", "te", "vergeluken", ",", "geinstrueerd", "alle", "middelen", "van", "overreding", "aan", "te", "Wenden", ",", "om", "de", "zaaken", "op", "den", "ouden", "Voet", "te", "houden", ",", "en", "Voor", "al", "tot", "geen", "meer", "Ceremonien", "Verplicht", "te", "worden", ","], "ignition": ["O", "O", "B-isOfType", "O", "O", "O", "B-isOfType", "O", "O", "O", "O", "B-isOfType", "O", "O", "O", "O", "O", "O", "O", "O", "O", "O", "O", "O", "O", "O", "O", "B-evokes", "O", "O", "O", "O", "O", "B-isOfType", "O", "O", "O", "O", "O", "B-evokes", "O", "O", "O", "O", "O", "B-evokes", "O", "O", "O", "O", "O", "B-evokes", "O", "O", "O", "O", "O", "O", "O", "O", "O", "O", "O", "O", "O", "O", "O", "O", "B-evokes", "O", "O", "O", "O", "O", "O", "O", "O", "O", "O", "O", "O", "B-isOfType", "O", "O", "O", "O", "O", "O", "O", "O", "B-evokes", "O", "O", "O", "O", "O", "O", "O", "O", "O", "O", "O", "O", "O", "O", "B-isOfType", "O", "O", "O", "O", "O", "O", "O", "O", "O", "O", "O", "O", "B-evokes", "O", "O", "O", "O", "O", "O", "O", "O", "O", "O", "O", "O", "O", "O", "O", "O", "O", "O", "O", "O", "O", "O", "O", "O", "O", "O", "O", "O", "O", "O", "O", "O", "O", "B-None", "O", "O", "O", "O", "O", "O", "O", "O", "O", "O", "B-isOfType", "O", "O", "O", "O", "O", "O", "B-isOfType", "O", "O", "O", "B-isOfType", "O", "O", "O", "O", "O", "O", "O", "O", "O", "O", "O", "O", "O", "O", "O", "O", "O", "O", "O", "O", "O", "O", "O", "O", "O", "O", "O", "O", "O", "O", "O", "O", "O", "O", "O", "O", "O", "O", "O", "B-evokes", "I-evokes", "O", "O", "O", "O", "O", "O", "O", "O", "B-evokes", "O", "O", "O", "O", "O", "O", "O", "O", "O", "O", "O", "O", "O", "B-isOfType", "O", "O", "O", "O", "O", "O", "O", "O", "O", "O", "O", "O", "O", "O", "O", "O", "O", "O", "O", "O", "O", "O", "O", "O", "O", "O", "O", "B-evokes", "O", "O", "O", "O", "O", "B-isOfType", "O", "O", "O", "O", "O", "O", "O", "B-evokes", "I-evokes", "I-evokes", "I-evokes", "O", "B-evokes", "O", "B-evokes", "O", "O", "O", "B-isOfType", "O", "O", "O", "O", "O", "O", "O", "O", "O", "O", "O", "O", "O", "O", "O", "O", "O", "O", "O", "O", "O", "B-evokes", "O", "O", "O", "O", "O", "O", "O", "O", "O", "O", "O", "O", "O", "O", "O", "O", "O", "O", "O", "O", "O", "O", "O", "O", "O", "O", "O", "O", "O", "O", "O", "O", "O", "O", "O", "O", "O"], "events": ["O", "O", "B-SocialInteraction", "O", "O", "O", "B-Leaving", "O", "O", "O", "O", "B-SocialInteraction", "O", "O", "O", "O", "O", "O", "O", "O", "O", "O", "O", "O", "O", "O", "O", "B-BeingEmployed", "O", "O", "O", "O", "O", "B-Leaving", "O", "O", "O", "O", "O", "B-Visit", "O", "O", "O", "O", "O", "B-Killing", "O", "O", "O", "O", "O", "B-BeingAtAPlace", "O", "O", "O", "O", "O", "O", "O", "O", "O", "O", "O", "O", "O", "O", "O", "O", "B-Visit", "O", "O", "O", "O", "O", "O", "O", "O", "O", "O", "O", "O", "B-SocialInteraction", "O", "O", "O", "O", "O", "O", "O", "O", "B-SocialInteraction", "O", "O", "O", "O", "O", "O", "O", "O", "O", "O", "O", "O", "O", "O", "B-Translocation", "O", "O", "O", "O", "O", "O", "O", "O", "O", "O", "O", "O", "B-Collaboration", "O", "O", "O", "O", "O", "O", "O", "O", "O", "O", "O", "O", "O", "O", "O", "O", "O", "O", "O", "O", "O", "O", "O", "O", "O", "O", "O", "O", "O", "O", "O", "O", "O", "B-StartingConflict", "O", "O", "O", "O", "O", "O", "O", "O", "O", "O", "B-Request", "O", "O", "O", "O", "O", "O", "B-Occupation", "O", "O", "O", "B-Repairing", "O", "O", "O", "O", "O", "O", "O", "O", "O", "O", "O", "O", "O", "O", "O", "O", "O", "O", "O", "O", "O", "O", "O", "O", "O", "O", "O", "O", "O", "O", "O", "O", "O", "O", "O", "O", "O", "O", "O", "B-SocialInteraction", "I-SocialInteraction", "O", "O", "O", "O", "O", "O", "O", "O", "B-Giving", "O", "O", "O", "O", "O", "O", "O", "O", "O", "O", "O", "O", "O", "B-SocialInteraction", "O", "O", "O", "O", "O", "O", "O", "O", "O", "O", "O", "O", "O", "O", "O", "O", "O", "O", "O", "O", "O", "O", "O", "O", "O", "O", "O", "B-Translocation", "O", "O", "O", "O", "O", "B-Leaving", "O", "O", "O", "O", "O", "O", "O", "B-Replacing", "I-Replacing", "I-Replacing", "I-Replacing", "O", "B-SocialInteraction", "O", "B-BeingEmployed", "O", "O", "O", "B-SocialInteraction", "O", "O", "O", "O", "O", "O", "O", "O", "O", "O", "O", "O", "O", "O", "O", "O", "O", "O", "O", "O", "O", "B-ForceToAct", "O", "O", "O", "O", "O", "O", "O", "O", "O", "O", "O", "O", "O", "O", "O", "O", "O", "O", "O", "O", "O", "O", "O", "O", "O", "O", "O", "O", "O", "O", "O", "O", "O", "O", "O", "O", "O"], "arguments": ["O", "O", "O", "O", "B-arg", "O", "O", "O", "O", "O", "B-arg", "O", "O", "O", "O", "O", "O", "B-arg", "O", "B-arg", "I-arg", "I-arg", "I-arg", "I-arg", "I-arg", "I-arg", "I-arg", "O", "O", "O", "B-arg", "B-arg", "O", "O", "O", "O", "B-arg", "I-arg", "O", "O", "O", "O", "O", "B-arg", "O", "O", "O", "O", "O", "O", "O", "O", "O", "B-arg", "I-arg", "O", "B-arg", "I-arg", "O", "O", "O", "B-arg", "I-arg", "O", "B-arg", "I-arg", "I-arg", "O", "O", "O", "O", "O", "O", "O", "O", "O", "O", "B-arg", "O", "O", "O", "O", "O", "O", "O", "O", "B-arg", "I-arg", "O", "O", "O", "O", "O", "O", "O", "B-arg", "O", "B-arg", "I-arg", "I-arg", "I-arg", "I-arg", "O", "O", "O", "O", "O", "O", "O", "O", "O", "O", "B-arg", "I-arg", "O", "O", "O", "O", "O", "O", "O", "O", "O", "O", "O", "O", "O", "O", "O", "O", "O", "O", "O", "O", "O", "O", "O", "O", "O", "O", "O", "O", "O", "O", "O", "O", "O", "B-arg", "I-arg", "B-arg", "O", "O", "O", "O", "B-arg", "I-arg", "O", "O", "O", "O", "O", "O", "O", "O", "O", "O", "O", "O", "O", "O", "O", "B-arg", "O", "O", "O", "O", "B-arg", "I-arg", "I-arg", "I-arg", "O", "O", "O", "O", "O", "O", "O", "O", "O", "O", "O", "O", "O", "O", "O", "O", "B-arg", "I-arg", "I-arg", "B-arg", "O", "O", "O", "O", "O", "O", "O", "O", "O", "O", "O", "O", "O", "O", "O", "O", "O", "O", "O", "B-arg", "I-arg", "O", "B-arg", "I-arg", "O", "O", "O", "O", "O", "B-arg", "O", "O", "O", "O", "O", "O", "O", "O", "O", "O", "B-arg", "I-arg", "O", "O", "O", "O", "O", "O", "O", "O", "O", "O", "O", "B-arg", "I-arg", "I-arg", "B-arg", "B-arg", "B-arg", "B-arg", "O", "O", "O", "O", "O", "B-arg", "O", "B-arg", "I-arg", "O", "O", "B-arg", "O", "O", "O", "B-arg", "I-arg", "I-arg", "B-arg", "B-arg", "O", "O", "O", "O", "O", "O", "O", "O", "O", "O", "O", "O", "O", "O", "O", "O", "O", "O", "O", "O", "O", "O", "O", "O", "O", "O", "O", "O", "O", "O", "O", "O", "O", "O", "O", "O", "O"]}
{"words": ["dan", "door", "de", "Engelschen", "ingewilligd", "is", ".", "Het", "stuk", "van", "de", "Stranden", "is", "echter", "een", "zaak", "van", "veel", "meer", "gewigt", ",", "en", "onze", "gezant", "is", "gelast", ",", "de", "eisschen", "daar", "toe", "met", "alle", "omzichtigheid", "te", "ontlegger", ",", "en", "indien", "geen", "en", "kele", "overredingen", "van", "vrugt", "zijn", ",", "te", "beproeven", "om", "de", "Hofsgrooten", "van", "het", "meeste", "aanzien", "door", "geschenken", "en", "beloften", "van", "meerder", "daar", "van", "#", "te", "doen", "afzien", "een", "afschrift", "van", "de", "instruksie", "voor", "gemelden", "gezant", "p", "nevens", "een", "kopij", "Van", "den", "brief", "aan", "den", "Koning", "Word", "Uwe", "Hoogedel", "heeden", "onder", "de", "bijlaager", "aangebooden", "De", "te", "Gale", "binnen", "geloopene", "Fransche", "artillerij", "-", "kommandant", "heeft", "Verzoek", "gedaan", "om", "geassisteerd", "te", "Worden", "met", "geschut", ",", "ammunitie", "goederen", "en", "kruit", ",", "in", "steede", "van", "'t", "geen", "zij", "met", "het", "transportschip", "Lauriston", "Verloren", "hebben", "onze", "voorraad", "van", "geschut", "en", "Verde", "re", "ammunitie", "goederen", "is", "zo", "klein", ",", "dat", "Wij", "hen", "Weirig", "assistent", "sie", "zullen", "kunnen", "bewijzen", "maar", "kruit", "hebben", "wij", "Vijftig", "duizend", "ponden", "moeten", "belooven", ",", "schoon", "onze", "Voorraad", "te", "Kolombo", ",", "Gale", "en", "Jaffenapatnam", "niet", "veel", "boven", "de", "vierde", "halfhonderd", "duizend", "is", "beloopen", "zal", ",", "hoe", "veel", "kolombo", "alleen", "behoorde", "in", "zijne", "magazijnen", "te", "hebben", ".", "Onze", "kruitmolens", "zijn", "niet", "in", "staat", "een", "toereikende", "quantiteit", "in", "Voorraad", "te", "brengen", ",", "door", "gebrek", "aan", "Zwavel", "zoo", "Wel", "als", "door", "de", "gesteldheid", "van", "de", "molens", "zelvendie", "Voor", "geen", "Zwaare", "leverancien", "gemaakt", "zijn", ".", "Wij", "Verzoeken", "derhalven", "ootmoedig", ",", "dat", "UWe", "Hoogedelheeden", "ons", "zo", "niet", "5", ".", "p", "meer", ",", "ter", "minsten", "andere", "Vijftig", "duizend", "ponden", "kruit", "gelieven", "toete", "zenden", ",", "en", "dat", "indien", "dit", "kruit", "in", "de", "drie", "schepen", "niet", "#", "geheel", "mocht", "hunnen", "geborgen", "worden", ",", "daar", "toe", "worden", "gebuukt", "een", "of", "twee", "sloepen", ",", "die", "Wij", "buiten", "des", "zeer", "nodig", "hebben", "."], "ignition": ["O", "O", "O", "O", "B-evokes", "O", "O", "O", "O", "O", "O", "O", "O", "O", "O", "O", "O", "O", "O", "O", "O", "O", "O", "O", "O", "B-evokes", "O", "O", "B-isOfType", "O", "O", "O", "O", "O", "O", "O", "O", "O", "O", "O", "O", "O", "B-evokes", "O", "O", "O", "O", "O", "O", "O", "O", "O", "O", "O", "O", "O", "O", "B-evokes", "O", "O", "O", "O", "O", "O", "O", "O", "O", "O", "O", "O", "O", "O", "O", "O", "O", "O", "O", "O", "O", "O", "O", "O", "O", "O", "O", "O", "O", "O", "O", "O", "O", "O", "O", "B-isOfType", "O", "O", "O", "B-evokes", "I-evokes", "O", "O", "O", "O", "O", "B-isOfType", "O", "O", "B-evokes", "O", "O", "O", "O", "O", "O", "O", "O", "O", "O", "O", "O", "O", "O", "O", "O", "O", "O", "O", "O", "B-isOfType", "O", "O", "B-evokes", "O", "O", "O", "O", "O", "O", "O", "O", "O", "O", "O", "O", "O", "O", "O", "B-evokes", "I-evokes", "O", "O", "O", "O", "O", "O", "O", "O", "O", "O", "O", "O", "O", "O", "O", "B-evokes", "O", "O", "O", "O", "O", "O", "O", "O", "O", "O", "O", "O", "O", "O", "O", "O", "O", "O", "O", "O", "O", "O", "O", "O", "O", "O", "B-isOfType", "O", "O", "O", "B-isOfType", "I-isOfType", "I-isOfType", "I-isOfType", "O", "O", "O", "O", "B-evokes", "O", "O", "O", "O", "O", "O", "O", "O", "O", "O", "O", "O", "O", "O", "O", "O", "O", "O", "O", "O", "O", "O", "O", "O", "O", "B-isOfType", "O", "O", "O", "O", "O", "O", "O", "O", "O", "O", "O", "O", "O", "O", "O", "O", "O", "O", "O", "O", "O", "O", "B-evokes", "I-evokes", "O", "O", "O", "O", "O", "O", "O", "O", "O", "O", "O", "O", "O", "O", "O", "B-evokes", "O", "O", "O", "O", "O", "O", "O", "O", "O", "O", "O", "O", "O", "O", "O", "O", "O", "O", "O", "O", "O", "O", "O", "O", "O"], "events": ["O", "O", "O", "O", "B-RelationshipChange", "O", "O", "O", "O", "O", "O", "O", "O", "O", "O", "O", "O", "O", "O", "O", "O", "O", "O", "O", "O", "B-BeingEmployed", "O", "O", "B-Request", "O", "O", "O", "O", "O", "O", "O", "O", "O", "O", "O", "O", "O", "B-SocialInteraction", "O", "O", "O", "O", "O", "O", "O", "O", "O", "O", "O", "O", "O", "O", "B-Giving", "O", "O", "O", "O", "O", "O", "O", "O", "O", "O", "O", "O", "O", "O", "O", "O", "O", "O", "O", "O", "O", "O", "O", "O", "O", "O", "O", "O", "O", "O", "O", "O", "O", "O", "O", "B-Giving", "O", "O", "O", "B-Arriving", "I-Arriving", "O", "O", "O", "O", "O", "B-Request", "O", "O", "B-Getting", "O", "O", "O", "O", "O", "O", "O", "O", "O", "O", "O", "O", "O", "O", "O", "O", "O", "O", "O", "O", "B-LosingPossession", "O", "O", "B-HavingInPossession", "O", "O", "O", "O", "O", "O", "O", "O", "O", "O", "O", "O", "O", "O", "O", "B-Collaboration", "I-Collaboration", "O", "O", "O", "O", "O", "O", "O", "O", "O", "O", "O", "O", "O", "O", "O", "B-HavingInPossession", "O", "O", "O", "O", "O", "O", "O", "O", "O", "O", "O", "O", "O", "O", "O", "O", "O", "O", "O", "O", "O", "O", "O", "O", "O", "O", "B-HavingInPossession", "O", "O", "O", "B-HavingInternalState-", "I-HavingInternalState-", "I-HavingInternalState-", "I-HavingInternalState-", "O", "O", "O", "O", "B-HavingInPossession", "O", "O", "O", "O", "O", "O", "O", "O", "O", "O", "O", "O", "O", "O", "O", "O", "O", "O", "O", "O", "O", "O", "O", "O", "O", "B-Request", "O", "O", "O", "O", "O", "O", "O", "O", "O", "O", "O", "O", "O", "O", "O", "O", "O", "O", "O", "O", "O", "O", "B-Transportation", "I-Transportation", "O", "O", "O", "O", "O", "O", "O", "O", "O", "O", "O", "O", "O", "O", "O", "B-BeingAtAPlace", "O", "O", "O", "O", "O", "O", "O", "O", "O", "O", "O", "O", "O", "O", "O", "O", "O", "O", "O", "O", "O", "O", "O", "O", "O"], "arguments": ["O", "O", "B-arg", "I-arg", "O", "O", "O", "O", "O", "O", "O", "O", "O", "O", "O", "O", "O", "O", "O", "O", "O", "O", "B-arg", "I-arg", "B-arg", "B-arg", "O", "O", "O", "O", "O", "O", "O", "O", "O", "O", "O", "O", "O", "O", "O", "O", "O", "O", "O", "O", "O", "O", "O", "O", "B-arg", "I-arg", "I-arg", "I-arg", "I-arg", "I-arg", "O", "O", "O", "O", "O", "O", "O", "O", "O", "O", "O", "O", "B-arg", "I-arg", "I-arg", "I-arg", "I-arg", "I-arg", "I-arg", "I-arg", "O", "O", "B-arg", "I-arg", "I-arg", "I-arg", "I-arg", "I-arg", "I-arg", "I-arg", "O", "B-arg", "I-arg", "I-arg", "O", "O", "O", "O", "B-arg", "I-arg", "I-arg", "I-arg", "I-arg", "I-arg", "I-arg", "I-arg", "I-arg", "B-arg", "B-arg", "B-arg", "O", "O", "O", "O", "O", "B-arg", "O", "B-arg", "I-arg", "O", "B-arg", "O", "O", "O", "O", "B-arg", "I-arg", "B-arg", "O", "O", "O", "O", "O", "O", "O", "O", "O", "B-arg", "O", "B-arg", "I-arg", "I-arg", "I-arg", "O", "O", "O", "O", "O", "B-arg", "B-arg", "O", "O", "O", "O", "O", "O", "O", "O", "O", "O", "O", "O", "O", "O", "O", "O", "O", "O", "O", "O", "B-arg", "O", "B-arg", "O", "B-arg", "O", "O", "O", "O", "O", "O", "O", "O", "O", "O", "O", "O", "O", "B-arg", "O", "O", "B-arg", "I-arg", "I-arg", "O", "O", "O", "B-arg", "I-arg", "O", "O", "O", "O", "B-arg", "I-arg", "I-arg", "O", "O", "O", "O", "O", "O", "O", "O", "O", "O", "O", "O", "O", "O", "O", "O", "O", "O", "O", "O", "O", "O", "O", "O", "O", "O", "B-arg", "O", "O", "O", "O", "O", "B-arg", "I-arg", "B-arg", "O", "O", "B-arg", "I-arg", "I-arg", "I-arg", "O", "B-arg", "I-arg", "I-arg", "I-arg", "I-arg", "I-arg", "I-arg", "O", "O", "O", "O", "O", "O", "O", "B-arg", "I-arg", "B-arg", "I-arg", "I-arg", "I-arg", "O", "O", "O", "O", "O", "O", "O", "O", "O", "O", "O", "O", "O", "O", "O", "O", "O", "O", "O", "O", "O", "O", "O", "O", "O"]}
{"words": ["De", "Franschen", "hebben", "zoo", "men", "hoord", "niet", "veel", "geld", "meede", "gebragt", ",", "en", "zullen", "dus", "ongetwijffeld", "spoedig", "bij", "ons", "aanzoe", "k", "er", "om", "doen", ",", "en", "wij", "zullen", "het", "hen", ",", "om", "het", "groot", "nut", ",", "'t", "geen", "wij", "in", "den", "tegenwoordigen", "tijd", "van", "hun", "verblijf", "in", "deeze", "gewesten", "treken", ",", "niet", "kunnen", "Weigeren", ".", "Wij", "Verzoeken", "derhalven", "dat", "onze", "eisch", "van", "geld", "niet", "moge", "verminderd", "Worden", ",", "alzo", "er", "geen", "Vertier", "is", "van", "koopmanschappen", "en", "wij", "in", "tijd", "van", "rood", "bij", "partikulieren", "Weinig", "geld", "zonder", "Vinder", ".", "Na", "dat", "Wij", "tijding", "erlangden", "Wegens", "de", "verovering", "van", "Trinkonomale", "schreefde", "eerstgeteekende", "een", "brief", "aan", "den", "aldaar", "kommandeerenden", "Engelschen", "officier", ",", "Waar", "bij", "hij", "hem", "Verzogt", "dat", "de", "getrouwde", "Kompanies", "dienaren", "niet", "mogten", "na", "Madras", "Worden", "vervoerd", "en", "dat", "het", "fonds", "van", "de", "dia", "konij", "onaengeroerd", "nogt", "blijven", ".", "De", "heer", "Admiraal", "Hughes", ",", "die", "inmiddels", "met", "zijn", "Vloot", "na", "Madras", "Was", "vertrokken", ",", "dog", "den", "23", ".", "febr", ":", "net", "tien", "scheeper", "te", "rugge", "k", "Wan", ",", "heeft", "bij", "een", "beleefden", "brief", "Van", "den", "28:e", "febr", ":", "daar", "op", "geantwoord", ",", "dat", "hij", "door", "staat", "kurdige", "noodzakelijkheid", "gedwongen", "genoodzaakt", "was", "geweest", ",", "veelen", "zo", "5", "getrouwden", "als", "ongetrouwden", "na", "Madras", "op", "te", "zenden", ",", "maar", "dat", "zij", "met", "groote", "edelmoedigheid", "behandeld", "Waren", ",", "Wijl", "hunne", "huisen", "niet", "geplunderd", "en", "hunne", "goederen", "aan", "hen", "in", "eigendom", "gehoorende", "aan", "hen", "gelaaten", "waaren", ",", "en", "dat", "'t", "fords", "van", "de", "armen", "onaangeroerd", "was", "gebleeven", "en", "aangelegd", "konde", "Worden", "tot", "nut", "Van", "de", "geenen", ",", "Waar", "toe", "het", "bestend", "was", ".", "Wij", "hebben", "de", "eer", "een", "afschrift", "van", "deezen", "brief", "met", "een", "Nederduitsche", "Vertaaling", "onder", "de", "bijlaagen", "aan", "tebieder", "."], "ignition": ["O", "O", "O", "O", "O", "O", "O", "O", "O", "B-isOfType", "I-isOfType", "O", "O", "O", "O", "O", "O", "O", "O", "B-isOfType", "I-isOfType", "O", "O", "O", "O", "O", "O", "O", "O", "O", "O", "O", "O", "O", "O", "O", "O", "O", "O", "O", "O", "O", "O", "O", "O", "B-evokes", "O", "O", "O", "O", "O", "O", "O", "B-isOfType", "O", "O", "B-isOfType", "O", "O", "O", "B-isOfType", "O", "O", "O", "O", "B-evokes", "O", "O", "O", "O", "O", "B-isOfType", "O", "O", "O", "O", "O", "O", "O", "O", "O", "O", "O", "O", "O", "O", "B-evokes", "O", "O", "O", "O", "O", "B-isOfType", "O", "O", "B-isOfType", "O", "O", "O", "O", "O", "O", "O", "O", "O", "B-evokes", "O", "O", "O", "O", "O", "O", "O", "B-isOfType", "O", "O", "O", "O", "O", "O", "O", "O", "O", "O", "B-isOfType", "O", "O", "O", "O", "O", "O", "O", "O", "O", "O", "O", "O", "O", "O", "O", "O", "O", "O", "O", "O", "O", "O", "O", "O", "O", "B-isOfType", "O", "O", "O", "O", "O", "O", "O", "O", "O", "O", "B-evokes", "I-evokes", "I-evokes", "I-evokes", "O", "O", "O", "O", "O", "O", "O", "O", "O", "O", "O", "O", "O", "B-isOfType", "O", "O", "O", "O", "O", "O", "O", "B-isOfType", "B-isOfType", "O", "O", "O", "O", "O", "O", "O", "O", "O", "O", "O", "B-evokes", "I-evokes", "I-evokes", "O", "O", "O", "O", "O", "O", "O", "B-isOfType", "O", "O", "O", "O", "O", "O", "B-evokes", "O", "O", "O", "O", "O", "O", "O", "B-evokes", "O", "O", "B-evokes", "O", "O", "O", "O", "O", "O", "O", "O", "O", "O", "O", "O", "O", "B-evokes", "O", "O", "O", "O", "O", "O", "O", "O", "O", "O", "O", "O", "O", "O", "O", "O", "O", "O", "O", "O", "O", "O", "O", "O", "O", "O", "O", "O", "O", "O", "B-isOfType", "I-isOfType", "O", "O", "O", "O", "O", "O"], "events": ["O", "O", "O", "O", "O", "O", "O", "O", "O", "B-Transportation", "I-Transportation", "O", "O", "O", "O", "O", "O", "O", "O", "B-Request", "I-Request", "O", "O", "O", "O", "O", "O", "O", "O", "O", "O", "O", "O", "O", "O", "O", "O", "O", "O", "O", "O", "O", "O", "O", "O", "B-BeingAtAPlace", "O", "O", "O", "O", "O", "O", "O", "B-SocialInteraction", "O", "O", "B-Request", "O", "O", "O", "B-Request", "O", "O", "O", "O", "B-QuantityChange", "O", "O", "O", "O", "O", "B-Trade", "O", "O", "O", "O", "O", "O", "O", "O", "O", "O", "O", "O", "O", "O", "B-HavingInPossession", "O", "O", "O", "O", "O", "B-Request", "O", "O", "B-TakingUnderControl", "O", "O", "O", "O", "O", "O", "O", "O", "O", "B-BeingLeader", "O", "O", "O", "O", "O", "O", "O", "B-Request", "O", "O", "O", "O", "O", "O", "O", "O", "O", "O", "B-Transportation", "O", "O", "O", "O", "O", "O", "O", "O", "O", "O", "O", "O", "O", "O", "O", "O", "O", "O", "O", "O", "O", "O", "O", "O", "O", "B-Leaving", "O", "O", "O", "O", "O", "O", "O", "O", "O", "O", "B-Arriving", "I-Arriving", "I-Arriving", "I-Arriving", "O", "O", "O", "O", "O", "O", "O", "O", "O", "O", "O", "O", "O", "B-SocialInteraction", "O", "O", "O", "O", "O", "O", "O", "B-ForceToAct", "B-ForceToAct", "O", "O", "O", "O", "O", "O", "O", "O", "O", "O", "O", "B-Translocation", "I-Translocation", "I-Translocation", "O", "O", "O", "O", "O", "O", "O", "B-SocialInteraction", "O", "O", "O", "O", "O", "O", "B-IntentionalDamaging", "O", "O", "O", "O", "O", "O", "O", "B-HavingInPossession", "O", "O", "B-HavingInPossession", "O", "O", "O", "O", "O", "O", "O", "O", "O", "O", "O", "O", "O", "B-Giving", "O", "O", "O", "O", "O", "O", "O", "O", "O", "O", "O", "O", "O", "O", "O", "O", "O", "O", "O", "O", "O", "O", "O", "O", "O", "O", "O", "O", "O", "O", "B-Giving", "I-Giving", "O", "O", "O", "O", "O", "O"], "arguments": ["B-arg", "I-arg", "B-arg", "B-arg", "O", "O", "B-arg", "I-arg", "I-arg", "O", "O", "O", "O", "O", "O", "O", "O", "O", "B-arg", "O", "O", "O", "O", "O", "O", "O", "B-arg", "O", "O", "B-arg", "O", "O", "O", "O", "O", "O", "O", "O", "O", "B-arg", "I-arg", "I-arg", "I-arg", "O", "O", "O", "B-arg", "I-arg", "I-arg", "O", "O", "O", "O", "O", "O", "B-arg", "O", "O", "O", "O", "O", "O", "O", "O", "O", "O", "O", "O", "O", "O", "O", "O", "O", "O", "B-arg", "O", "O", "O", "O", "O", "O", "O", "B-arg", "B-arg", "I-arg", "O", "O", "O", "O", "O", "B-arg", "O", "O", "O", "O", "O", "O", "B-arg", "O", "O", "O", "O", "O", "O", "B-arg", "O", "B-arg", "I-arg", "O", "O", "O", "B-arg", "B-arg", "O", "O", "B-arg", "I-arg", "I-arg", "I-arg", "O", "O", "B-arg", "I-arg", "O", "O", "O", "O", "O", "O", "O", "O", "O", "O", "O", "O", "O", "O", "B-arg", "I-arg", "I-arg", "I-arg", "B-arg", "B-arg", "O", "O", "O", "O", "B-arg", "I-arg", "O", "O", "O", "O", "B-arg", "I-arg", "I-arg", "I-arg", "I-arg", "B-arg", "I-arg", "I-arg", "O", "O", "O", "O", "O", "O", "O", "O", "O", "O", "O", "O", "O", "O", "O", "O", "O", "O", "O", "O", "B-arg", "B-arg", "B-arg", "I-arg", "I-arg", "B-arg", "O", "O", "O", "O", "B-arg", "I-arg", "I-arg", "I-arg", "I-arg", "I-arg", "B-arg", "I-arg", "O", "O", "O", "O", "O", "O", "B-arg", "O", "O", "O", "O", "O", "O", "O", "B-arg", "I-arg", "O", "O", "O", "B-arg", "I-arg", "B-arg", "B-arg", "O", "O", "O", "O", "B-arg", "O", "O", "O", "O", "O", "B-arg", "I-arg", "I-arg", "I-arg", "I-arg", "O", "O", "O", "O", "O", "O", "O", "O", "O", "O", "B-arg", "I-arg", "I-arg", "I-arg", "I-arg", "I-arg", "I-arg", "I-arg", "O", "B-arg", "O", "O", "O", "B-arg", "I-arg", "I-arg", "I-arg", "I-arg", "I-arg", "I-arg", "I-arg", "I-arg", "O", "O", "O", "O", "O", "O"]}
{"words": ["Voorts", "hebben", "Wij", "de", "eer", "UWe", "Hoog", "Edelheeden", "hier", "nevens", "aan", "te", "bieder", "kopijen", "van", "twee", "schreete", "brieven", "van", "koetsjiem", "van", "den", "24", ":", "'", "Iunuarij", "en", "12:e", "deezer", ",", "met", "een", "portugeesch", "Vaartuig", "alhier", "aangebragt", ",", "Waar", "uit", "blijkt", ",", "dat", "de", "Engelschen", "door", "het", "Vernielen", "van", "het", "leger", "van", "Huider", "Ali", "bij", "Pallicheri", "Zig", "meester", "van", "het", "geheele", "Samarijnsche", "land", "gemaakt", "hebben", ",", "'t", "Welk", "die", "van", "koetssien", "bedugt", "heeft", "gemaakt", "voor", "een", "beleegering", ",", "Welke", "beduchting", "tans", "echter", "werkelijk", "is", "verminderd", "nu", "de", "fransche", "Vloot", "is", "aangekoomen", ".", "Onder", "het", "sluijter", "deezes", "ontvangen", "Wij", "berigt", "Van", "Manaar", "dat", "de", "Engelschen", "den", "19", ".", "'", "februari", "met", "500", ".", "sipahis", "bezit", "van", "ons", "fort", "te", "Tutu", "Roeijn", "hebben", "genomen", ",", "en", "dat", "dezelve", "reets", "bezig", "waren", ",", "om", "hetzelve", "te", "ondermijnen", "ten", "einde", "het", "te", "doen", "springen", ";", "en", "Voorts", "dat", "nog", "Vier", "man", "van", "de", "agtergelatene", "bezetting", "te", "Manaar", "Waren", "aangekomen", "Wij", "hebben", "de", "Eer", "met", "schuldige", "eerbied", "en", "trouwe", "te", "zijn", "/:onderstond:/", "Hoog", "Edele", "Groot", "Achtbaere", "Heer", "Wel", "Edele", "Gestrenge", "Heeren", "/:Lager:/", "Uwer", "Hoog", "Edelheeden", "zeer", "onderdanige", "en", "gehoorzaeme", "Dienaars", "/:Was", "geteekend:/", "Sm", ":", "Will", ":", "Pack", ",", "Daniel", "de", "Bok", ",", "C", ":", "s", "de", "Cock", "en", "J", ":", "J", ":", "Coquart", "/:in", "margine:/", "Kolombo", "den", "23", ".", "Maart", "1782", "."], "ignition": ["O", "O", "O", "O", "O", "O", "O", "O", "O", "O", "B-isOfType", "I-isOfType", "I-isOfType", "O", "O", "O", "O", "O", "O", "O", "O", "O", "O", "O", "O", "O", "O", "O", "O", "O", "O", "O", "O", "O", "O", "B-evokes", "O", "O", "O", "O", "O", "O", "O", "O", "O", "O", "B-isOfType", "O", "O", "O", "O", "O", "O", "O", "O", "O", "B-evokes", "O", "O", "O", "O", "O", "O", "O", "O", "O", "O", "O", "O", "O", "O", "O", "O", "O", "O", "B-isOfType", "O", "O", "O", "O", "O", "O", "O", "B-isOfType", "O", "O", "O", "O", "O", "B-isOfType", "O", "O", "O", "O", "O", "B-isOfType", "O", "O", "O", "O", "O", "O", "O", "O", "O", "O", "O", "O", "O", "O", "O", "O", "B-evokes", "O", "O", "O", "O", "O", "O", "O", "O", "O", "O", "O", "O", "O", "O", "O", "O", "O", "O", "O", "O", "O", "O", "O", "O", "O", "B-isOfType", "O", "O", "O", "O", "O", "O", "O", "O", "O", "O", "O", "O", "O", "O", "B-isOfType", "O", "O", "O", "O", "O", "O", "O", "O", "O", "O", "O", "O", "O", "O", "O", "O", "O", "O", "O", "O", "O", "O", "O", "O", "O", "O", "O", "O", "O", "O", "O", "O", "O", "O", "O", "O", "O", "O", "O", "O", "O", "O", "O", "O", "O", "O", "O", "O", "O", "O", "O", "O", "O", "O", "O", "O", "O", "O", "O", "O", "O", "O", "O", "O"], "events": ["O", "O", "O", "O", "O", "O", "O", "O", "O", "O", "B-Giving", "I-Giving", "I-Giving", "O", "O", "O", "O", "O", "O", "O", "O", "O", "O", "O", "O", "O", "O", "O", "O", "O", "O", "O", "O", "O", "O", "B-Transportation", "O", "O", "O", "O", "O", "O", "O", "O", "O", "O", "B-Destroying", "O", "O", "O", "O", "O", "O", "O", "O", "O", "B-Occupation", "O", "O", "O", "O", "O", "O", "O", "O", "O", "O", "O", "O", "O", "O", "O", "O", "O", "O", "B-Besieging", "O", "O", "O", "O", "O", "O", "O", "B-ScalarChange", "O", "O", "O", "O", "O", "B-Arriving", "O", "O", "O", "O", "O", "B-Getting", "O", "O", "O", "O", "O", "O", "O", "O", "O", "O", "O", "O", "O", "O", "O", "O", "B-Occupation", "O", "O", "O", "O", "O", "O", "O", "O", "O", "O", "O", "O", "O", "O", "O", "O", "O", "O", "O", "O", "O", "O", "O", "O", "O", "B-Destroying", "O", "O", "O", "O", "O", "O", "O", "O", "O", "O", "O", "O", "O", "O", "B-Arriving", "O", "O", "O", "O", "O", "O", "O", "O", "O", "O", "O", "O", "O", "O", "O", "O", "O", "O", "O", "O", "O", "O", "O", "O", "O", "O", "O", "O", "O", "O", "O", "O", "O", "O", "O", "O", "O", "O", "O", "O", "O", "O", "O", "O", "O", "O", "O", "O", "O", "O", "O", "O", "O", "O", "O", "O", "O", "O", "O", "O", "O", "O", "O", "O"], "arguments": ["O", "O", "B-arg", "O", "O", "B-arg", "I-arg", "I-arg", "O", "O", "O", "O", "O", "B-arg", "I-arg", "I-arg", "I-arg", "I-arg", "I-arg", "I-arg", "I-arg", "I-arg", "I-arg", "I-arg", "I-arg", "I-arg", "I-arg", "I-arg", "I-arg", "B-arg", "B-arg", "I-arg", "I-arg", "I-arg", "B-arg", "O", "O", "O", "O", "O", "O", "O", "B-arg", "I-arg", "B-arg", "O", "O", "O", "B-arg", "I-arg", "I-arg", "I-arg", "I-arg", "B-arg", "I-arg", "O", "O", "O", "B-arg", "I-arg", "I-arg", "I-arg", "O", "O", "O", "O", "O", "B-arg", "I-arg", "I-arg", "O", "O", "O", "O", "O", "O", "O", "B-arg", "I-arg", "O", "O", "O", "O", "O", "O", "B-arg", "I-arg", "I-arg", "O", "O", "O", "O", "O", "O", "O", "O", "B-arg", "B-arg", "I-arg", "I-arg", "O", "B-arg", "I-arg", "B-arg", "B-arg", "I-arg", "I-arg", "I-arg", "O", "O", "O", "O", "O", "O", "B-arg", "I-arg", "I-arg", "I-arg", "I-arg", "O", "O", "O", "O", "O", "O", "O", "O", "O", "O", "O", "O", "O", "O", "O", "O", "B-arg", "O", "O", "O", "O", "O", "O", "O", "O", "B-arg", "I-arg", "I-arg", "I-arg", "I-arg", "I-arg", "B-arg", "I-arg", "O", "O", "O", "O", "O", "O", "O", "O", "O", "O", "O", "O", "O", "O", "O", "O", "O", "O", "O", "O", "O", "O", "O", "O", "O", "O", "O", "O", "O", "O", "O", "O", "O", "O", "O", "O", "O", "O", "O", "O", "O", "O", "O", "O", "O", "O", "O", "O", "O", "O", "O", "O", "O", "O", "O", "O", "O", "O", "O", "O", "O", "O", "O", "O"]}
{"words": ["Accordeert"], "ignition": ["O"], "events": ["O"], "arguments": ["O"]}
{"words": ["D.", "Van", "Haak"], "ignition": ["O", "O", "O"], "events": ["O", "O", "O"], "arguments": ["O", "O", "O"]}
